txn_uid,business_date,txn_ref,net_amount_minor,currency,side,source_system,event_ts
BNK-0000000,2026-07-06,M011-123b1612,207201,EUR,CREDIT,BANK,2026-07-06 20:20:28
BNK-0000001,2026-07-06,M003-d1371c17,47759,EUR,CREDIT,BANK,2026-07-06 23:14:05
BNK-0000002,2026-07-06,M014-9536b321,283675,EUR,CREDIT,BANK,2026-07-06 22:45:05
BNK-0000003,2026-07-06,M016-eeb97572,407591,JPY,CREDIT,BANK,2026-07-06 16:44:15
BNK-0000004,2026-07-06,M017-e923d5a4,458924,JPY,CREDIT,BANK,2026-07-06 13:02:19
BNK-0000005,2026-07-06,M014-aabfe228,350537,USD,CREDIT,BANK,2026-07-06 23:11:30
BNK-0000006,2026-07-06,M003-e9cb0eb5,383538,USD,CREDIT,BANK,2026-07-06 00:25:35
BNK-0000007,2026-07-06,M016-47ccf25e,114603,USD,CREDIT,BANK,2026-07-06 07:57:37
BNK-0000008,2026-07-06,M009-8dbc7425,429738,EUR,CREDIT,BANK,2026-07-06 09:43:12
BNK-0000009,2026-07-06,M008-58904dba,254460,USD,CREDIT,BANK,2026-07-06 06:46:50
BNK-0000010,2026-07-06,M017-cccc3fc1,239612,USD,CREDIT,BANK,2026-07-06 19:11:23
BNK-0000011,2026-07-06,M007-a13043b0,85193,JPY,CREDIT,BANK,2026-07-06 03:19:24
BNK-0000012,2026-07-06,M007-8bbf33fe,77983,JPY,CREDIT,BANK,2026-07-06 01:58:17
BNK-0000013,2026-07-06,M010-a8f506b4,75759,USD,CREDIT,BANK,2026-07-06 00:33:44
BNK-0000014,2026-07-06,M001-8b5b7a76,337323,GBP,CREDIT,BANK,2026-07-06 02:40:34
BNK-0000015,2026-07-06,M013-fb008f86,105014,EUR,CREDIT,BANK,2026-07-06 04:04:23
BNK-0000016,2026-07-06,M012-b2737f6a,424021,JPY,CREDIT,BANK,2026-07-06 18:36:53
BNK-0000017,2026-07-06,M020-b23c6f5d,251582,USD,CREDIT,BANK,2026-07-06 07:37:58
BNK-0000018,2026-07-06,M011-ec255404,420062,USD,CREDIT,BANK,2026-07-06 05:02:32
BNK-0000019,2026-07-06,M015-fb440034,320840,EUR,CREDIT,BANK,2026-07-06 13:51:41
BNK-0000020,2026-07-06,M007-697a8d41,14876,EUR,CREDIT,BANK,2026-07-06 20:23:55
BNK-0000021,2026-07-06,M012-d440e504,347427,JPY,CREDIT,BANK,2026-07-06 19:37:10
BNK-0000022,2026-07-06,M016-af317681,291953,USD,CREDIT,BANK,2026-07-06 08:39:33
BNK-0000023,2026-07-06,M017-2ea68ef7,294607,JPY,CREDIT,BANK,2026-07-06 10:53:09
BNK-0000024,2026-07-06,M009-4d3cea27,440601,EUR,CREDIT,BANK,2026-07-06 19:10:28
BNK-0000025,2026-07-06,M007-4b484e73,411258,GBP,CREDIT,BANK,2026-07-06 08:08:30
BNK-0000026,2026-07-08,M016-5dcad6ba,350336,EUR,CREDIT,BANK,2026-07-08 19:04:51
BNK-0000027,2026-07-06,M001-e0ca9237,290731,GBP,CREDIT,BANK,2026-07-06 09:24:50
BNK-0000028,2026-07-06,M004-1584d8c4,139432,USD,CREDIT,BANK,2026-07-06 00:26:57
BNK-0000029,2026-07-06,M017-2815d280,367320,JPY,CREDIT,BANK,2026-07-06 15:12:57
BNK-0000030,2026-07-06,M009-283e0ad8,319060,USD,CREDIT,BANK,2026-07-06 23:49:57
BNK-0000031,2026-07-06,M002-58156996,492048,EUR,CREDIT,BANK,2026-07-06 21:45:18
BNK-0000032,2026-07-06,M017-081006f7,142031,EUR,CREDIT,BANK,2026-07-06 12:45:49
BNK-0000033,2026-07-06,M004-c967a64c,344300,JPY,CREDIT,BANK,2026-07-06 03:22:05
BNK-0000034,2026-07-06,M002-8d512c97,7742,EUR,CREDIT,BANK,2026-07-06 17:04:40
BNK-0000035,2026-07-06,M002-8e08baa7,97277,JPY,CREDIT,BANK,2026-07-06 21:19:38
BNK-0000036,2026-07-06,M012-c2f86702,1030,EUR,CREDIT,BANK,2026-07-06 21:34:17
BNK-0000037,2026-07-06,M003-1c099724,209658,EUR,CREDIT,BANK,2026-07-06 15:28:05
BNK-0000038,2026-07-06,M020-f4941d40,400819,JPY,CREDIT,BANK,2026-07-06 20:00:18
BNK-0000039,2026-07-06,M019-14b3ce10,44812,EUR,CREDIT,BANK,2026-07-06 20:38:49
BNK-0000040,2026-07-06,M008-e222f828,138403,JPY,CREDIT,BANK,2026-07-06 00:41:55
BNK-0000041,2026-07-06,M007-efc2f916,388083,EUR,CREDIT,BANK,2026-07-06 17:23:51
BNK-0000042,2026-07-06,M005-940f1f83,133387,GBP,CREDIT,BANK,2026-07-06 16:14:44
BNK-0000043,2026-07-06,M016-9eee3692,371902,GBP,CREDIT,BANK,2026-07-06 01:03:11
BNK-0000044,2026-07-06,M001-e8c66224,240882,GBP,CREDIT,BANK,2026-07-06 07:00:57
BNK-0000045,2026-07-06,M009-83b7ffc0,69773,GBP,CREDIT,BANK,2026-07-06 11:48:03
BNK-0000046,2026-07-06,M016-4dbca3a0,212656,JPY,CREDIT,BANK,2026-07-06 08:54:01
BNK-0000047,2026-07-06,M011-098b2cc2,63036,JPY,CREDIT,BANK,2026-07-06 17:34:37
BNK-0000048,2026-07-06,M014-8319478d,448125,GBP,CREDIT,BANK,2026-07-06 21:17:52
BNK-0000049,2026-07-06,M007-0c621de4,411890,GBP,CREDIT,BANK,2026-07-06 00:25:17
BNK-0000050,2026-07-06,M010-45fda998,25778,JPY,CREDIT,BANK,2026-07-06 23:58:53
BNK-0000051,2026-07-06,M009-9fc35526,344030,JPY,CREDIT,BANK,2026-07-06 16:00:12
BNK-0000052,2026-07-06,M016-ed46725a,237695,EUR,CREDIT,BANK,2026-07-06 10:03:35
BNK-0000053,2026-07-06,M011-60dcd6c8,193298,EUR,CREDIT,BANK,2026-07-06 04:13:19
BNK-0000054,2026-07-06,M002-b46287cc,145598,JPY,CREDIT,BANK,2026-07-06 10:52:33
BNK-0000055,2026-07-06,M014-41dff02c,445204,GBP,CREDIT,BANK,2026-07-06 09:44:17
BNK-0000056,2026-07-06,M017-37443e21,235479,JPY,CREDIT,BANK,2026-07-06 21:45:21
BNK-0000057,2026-07-06,M019-48d33296,338630,USD,CREDIT,BANK,2026-07-06 09:07:24
BNK-0000058,2026-07-06,M008-9e8a7f77,5811,USD,CREDIT,BANK,2026-07-06 18:18:01
BNK-0000059,2026-07-06,M002-d287db7f,101972,USD,CREDIT,BANK,2026-07-06 04:09:54
BNK-0000060,2026-07-06,M012-926f6967,103950,JPY,CREDIT,BANK,2026-07-06 08:06:16
BNK-0000061,2026-07-06,M009-f57fd14c,57401,GBP,CREDIT,BANK,2026-07-06 21:24:08
BNK-0000062,2026-07-06,M001-15cea325,217981,EUR,CREDIT,BANK,2026-07-06 17:42:33
BNK-0000063,2026-07-06,M006-cbae5302,16821,JPY,CREDIT,BANK,2026-07-06 01:57:07
BNK-0000064,2026-07-06,M012-6cb9d21f,464185,JPY,CREDIT,BANK,2026-07-06 12:03:52
BNK-0000065,2026-07-06,M018-bf0d7c1c,101301,JPY,CREDIT,BANK,2026-07-06 10:49:43
BNK-0000066,2026-07-06,M009-ab8a18a8,391993,EUR,CREDIT,BANK,2026-07-06 19:27:12
BNK-0000067,2026-07-06,M020-3fec8df4,12917,USD,CREDIT,BANK,2026-07-06 05:36:26
BNK-0000068,2026-07-06,M006-47aaeb26,420976,USD,CREDIT,BANK,2026-07-06 15:29:06
BNK-0000069,2026-07-06,M006-1fa5d328,213981,EUR,CREDIT,BANK,2026-07-06 20:44:34
BNK-0000070,2026-07-06,M007-e574de73,220956,USD,CREDIT,BANK,2026-07-06 10:33:38
BNK-0000071,2026-07-06,M010-8b886e75,146734,GBP,CREDIT,BANK,2026-07-06 02:24:16
BNK-0000072,2026-07-06,M005-6a2c8773,463808,GBP,CREDIT,BANK,2026-07-06 22:19:09
BNK-0000073,2026-07-06,M002-7eb19731,2773,USD,CREDIT,BANK,2026-07-06 15:31:17
BNK-0000074,2026-07-06,M019-b5e803b6,487878,EUR,CREDIT,BANK,2026-07-06 22:15:40
BNK-0000075,2026-07-06,M002-60adb592,133848,EUR,CREDIT,BANK,2026-07-06 06:54:16
BNK-0000076,2026-07-06,M016-3c425c8d,33272,JPY,CREDIT,BANK,2026-07-06 16:23:35
BNK-0000077,2026-07-06,M010-bdd0b6cc,27027,JPY,CREDIT,BANK,2026-07-06 20:38:39
BNK-0000078,2026-07-06,M001-d32cbe54,472814,JPY,CREDIT,BANK,2026-07-06 15:26:39
BNK-0000079,2026-07-08,M013-b54b9552,300545,USD,CREDIT,BANK,2026-07-08 02:48:18
BNK-0000080,2026-07-06,M007-fa1c257c,66651,GBP,CREDIT,BANK,2026-07-06 22:27:11
BNK-0000081,2026-07-06,M007-61c5cb34,96026,JPY,CREDIT,BANK,2026-07-06 18:57:33
BNK-0000082,2026-07-06,M007-1a3ce9d9,463598,USD,CREDIT,BANK,2026-07-06 15:16:12
BNK-0000083,2026-07-06,M014-ee500fe7,345523,JPY,CREDIT,BANK,2026-07-06 16:31:28
BNK-0000084,2026-07-08,M020-fc324bdb,438690,JPY,CREDIT,BANK,2026-07-08 04:24:13
BNK-0000085,2026-07-06,M017-42a21c40,21513,USD,CREDIT,BANK,2026-07-06 13:34:13
BNK-0000086,2026-07-06,M020-f9572b85,101758,USD,CREDIT,BANK,2026-07-06 06:30:16
BNK-0000087,2026-07-06,M020-48f687ab,474763,GBP,CREDIT,BANK,2026-07-06 20:12:43
BNK-0000088,2026-07-06,M006-c5831be3,356598,GBP,CREDIT,BANK,2026-07-06 21:18:20
BNK-0000089,2026-07-06,M018-8cb4ba2e,386984,JPY,CREDIT,BANK,2026-07-06 21:57:03
BNK-0000090,2026-07-06,M020-89a01749,155590,USD,CREDIT,BANK,2026-07-06 13:59:26
BNK-0000091,2026-07-06,M014-14f71010,268890,JPY,CREDIT,BANK,2026-07-06 12:44:47
BNK-0000092,2026-07-06,M010-7d946bf5,274449,USD,CREDIT,BANK,2026-07-06 04:44:26
BNK-0000093,2026-07-06,M008-248c801b,236576,EUR,CREDIT,BANK,2026-07-06 23:51:28
BNK-0000094,2026-07-06,M019-f750110c,315659,JPY,CREDIT,BANK,2026-07-06 01:51:36
BNK-0000096,2026-07-06,M002-0cde2e57,375174,JPY,CREDIT,BANK,2026-07-06 16:14:11
BNK-0000097,2026-07-06,M009-3a818d89,337851,EUR,CREDIT,BANK,2026-07-06 21:37:51
BNK-0000098,2026-07-06,M007-058765a6,461597,USD,CREDIT,BANK,2026-07-06 16:03:16
BNK-0000099,2026-07-06,M011-ff00d796,199140,EUR,CREDIT,BANK,2026-07-06 13:47:34
BNK-0000100,2026-07-06,M019-410335b4,296529,USD,CREDIT,BANK,2026-07-06 10:10:33
BNK-0000101,2026-07-07,M001-1212b62c,72762,USD,CREDIT,BANK,2026-07-07 10:34:58
BNK-0000102,2026-07-06,M007-29f34369,17952,USD,CREDIT,BANK,2026-07-06 22:47:19
BNK-0000103,2026-07-06,M014-891baf90,11217,GBP,CREDIT,BANK,2026-07-06 07:55:20
BNK-0000104,2026-07-06,M001-bf16295d,272007,JPY,CREDIT,BANK,2026-07-06 07:05:47
BNK-0000105,2026-07-06,M002-3f5fb859,182549,USD,CREDIT,BANK,2026-07-06 04:27:04
BNK-0000106,2026-07-06,M008-2f3ab3cc,87022,JPY,CREDIT,BANK,2026-07-06 23:39:12
BNK-0000107,2026-07-06,M003-0b698d5c,465903,JPY,CREDIT,BANK,2026-07-06 13:24:02
BNK-0000108,2026-07-06,M008-1ba4ea5e,66621,JPY,CREDIT,BANK,2026-07-06 19:20:52
BNK-0000109,2026-07-06,M009-e7689447,66290,EUR,CREDIT,BANK,2026-07-06 13:37:25
BNK-0000110,2026-07-06,M020-a683536c,84620,GBP,CREDIT,BANK,2026-07-06 23:11:44
BNK-0000111,2026-07-06,M005-d863386c,384706,GBP,CREDIT,BANK,2026-07-06 18:52:40
BNK-0000112,2026-07-06,M001-79e048c0,448013,JPY,CREDIT,BANK,2026-07-06 14:33:59
BNK-0000113,2026-07-06,M014-753eda83,443644,JPY,CREDIT,BANK,2026-07-06 00:22:53
BNK-0000114,2026-07-06,M008-58dfe0d5,373996,JPY,CREDIT,BANK,2026-07-06 13:13:42
BNK-0000115,2026-07-06,M011-318656b3,203995,USD,CREDIT,BANK,2026-07-06 22:54:05
BNK-0000116,2026-07-06,M015-0bade65c,376269,EUR,CREDIT,BANK,2026-07-06 18:58:28
BNK-0000117,2026-07-06,M004-88cc102d,334519,GBP,CREDIT,BANK,2026-07-06 04:04:59
BNK-0000118,2026-07-06,M012-9c7ce654,57532,GBP,CREDIT,BANK,2026-07-06 22:55:17
BNK-0000119,2026-07-06,M003-74bde94f,246174,EUR,CREDIT,BANK,2026-07-06 07:15:43
BNK-0000120,2026-07-06,M008-8d5f08b7,369453,GBP,CREDIT,BANK,2026-07-06 23:56:31
BNK-0000121,2026-07-06,M011-2b49c12a,254337,JPY,CREDIT,BANK,2026-07-06 08:00:30
BNK-0000122,2026-07-06,M005-00629834,332209,GBP,CREDIT,BANK,2026-07-06 23:46:52
BNK-0000123,2026-07-06,M006-6c5296f6,181736,JPY,CREDIT,BANK,2026-07-06 12:45:39
BNK-0000124,2026-07-06,M015-8d74ff1f,291213,USD,CREDIT,BANK,2026-07-06 01:16:59
BNK-0000125,2026-07-06,M005-505aef9e,129371,JPY,CREDIT,BANK,2026-07-06 18:50:36
BNK-0000126,2026-07-06,M014-b001a3ff,94843,USD,CREDIT,BANK,2026-07-06 04:43:01
BNK-0000127,2026-07-06,M005-4a3baf69,112063,USD,CREDIT,BANK,2026-07-06 18:17:10
BNK-0000128,2026-07-06,M014-99bfca8b,290720,GBP,CREDIT,BANK,2026-07-06 09:23:04
BNK-0000129,2026-07-06,M016-a9421cc1,173684,USD,CREDIT,BANK,2026-07-06 17:49:33
BNK-0000130,2026-07-06,M004-f1c4261e,24525,USD,CREDIT,BANK,2026-07-06 00:20:02
BNK-0000131,2026-07-06,M006-1d30b498,348127,USD,CREDIT,BANK,2026-07-06 16:30:40
BNK-0000132,2026-07-06,M006-0d1f13dc,18052,JPY,CREDIT,BANK,2026-07-06 17:59:20
BNK-0000133,2026-07-06,M001-4fd32f64,311455,JPY,CREDIT,BANK,2026-07-06 09:26:37
BNK-0000134,2026-07-06,M014-2634f087,5234,USD,CREDIT,BANK,2026-07-06 19:45:50
BNK-0000136,2026-07-06,M020-95f1abef,204121,USD,CREDIT,BANK,2026-07-06 18:31:19
BNK-0000137,2026-07-06,M005-5dfce8a9,190655,USD,CREDIT,BANK,2026-07-06 04:23:23
BNK-0000138,2026-07-06,M020-049d7ccc,456148,GBP,CREDIT,BANK,2026-07-06 02:19:09
BNK-0000139,2026-07-06,M008-a88d5194,148635,JPY,CREDIT,BANK,2026-07-06 15:02:03
BNK-0000140,2026-07-06,M019-fb2fc679,143775,EUR,CREDIT,BANK,2026-07-06 21:39:20
BNK-0000141,2026-07-06,M013-80ce2b27,371473,JPY,CREDIT,BANK,2026-07-06 12:21:07
BNK-0000142,2026-07-06,M017-af666625,464294,GBP,CREDIT,BANK,2026-07-06 08:14:08
BNK-0000143,2026-07-06,M010-bc471fb3,303218,GBP,CREDIT,BANK,2026-07-06 08:27:04
BNK-0000144,2026-07-06,M015-0b80316f,82070,USD,CREDIT,BANK,2026-07-06 08:16:49
BNK-0000145,2026-07-06,M007-d3e481a6,485476,GBP,CREDIT,BANK,2026-07-06 17:42:47
BNK-0000146,2026-07-06,M013-1bef2c32,14628,USD,CREDIT,BANK,2026-07-06 19:15:51
BNK-0000147,2026-07-06,M019-c5e5b775,336076,EUR,CREDIT,BANK,2026-07-06 05:38:56
BNK-0000148,2026-07-06,M002-8f134a06,439143,USD,CREDIT,BANK,2026-07-06 10:40:06
BNK-0000149,2026-07-06,M010-3fab8c3b,397456,JPY,CREDIT,BANK,2026-07-06 17:50:45
BNK-0000150,2026-07-06,M006-0e61572b,125120,JPY,CREDIT,BANK,2026-07-06 13:16:42
BNK-0000151,2026-07-06,M005-02eaa7f3,50949,JPY,CREDIT,BANK,2026-07-06 08:12:38
BNK-0000152,2026-07-06,M005-5e4e48dd,116458,GBP,CREDIT,BANK,2026-07-06 13:20:19
BNK-0000153,2026-07-06,M001-a58f3aef,299613,GBP,CREDIT,BANK,2026-07-06 09:10:44
BNK-0000154,2026-07-06,M017-f9386bd8,331026,USD,CREDIT,BANK,2026-07-06 04:54:39
BNK-0000155,2026-07-06,M008-d51940ea,204748,USD,CREDIT,BANK,2026-07-06 15:48:28
BNK-0000156,2026-07-06,M015-95bd1d68,414159,USD,CREDIT,BANK,2026-07-06 06:09:58
BNK-0000157,2026-07-06,M005-5622f856,273696,EUR,CREDIT,BANK,2026-07-06 13:05:36
BNK-0000158,2026-07-06,M007-2d1ba9f2,106308,GBP,CREDIT,BANK,2026-07-06 07:07:36
BNK-0000159,2026-07-06,M009-b15b0be2,97744,EUR,CREDIT,BANK,2026-07-06 03:57:47
BNK-0000160,2026-07-06,M008-193fe040,408735,GBP,CREDIT,BANK,2026-07-06 18:33:44
BNK-0000161,2026-07-06,M003-53980036,324775,EUR,CREDIT,BANK,2026-07-06 00:27:49
BNK-0000162,2026-07-06,M020-e3b35183,274256,JPY,CREDIT,BANK,2026-07-06 10:22:06
BNK-0000163,2026-07-06,M019-3c4774ec,57942,GBP,CREDIT,BANK,2026-07-06 03:27:27
BNK-0000164,2026-07-06,M001-1c1bac7a,363887,JPY,CREDIT,BANK,2026-07-06 13:24:09
BNK-0000165,2026-07-07,M019-1a4b7d0b,427567,GBP,CREDIT,BANK,2026-07-07 20:04:31
BNK-0000166,2026-07-06,M003-074dce11,227287,GBP,CREDIT,BANK,2026-07-06 06:42:59
BNK-0000167,2026-07-06,M018-830d7193,325918,USD,CREDIT,BANK,2026-07-06 09:46:22
BNK-0000168,2026-07-06,M006-82e4e349,31835,USD,CREDIT,BANK,2026-07-06 16:02:07
BNK-0000169,2026-07-06,M019-29e7c6be,143963,GBP,CREDIT,BANK,2026-07-06 15:51:21
BNK-0000170,2026-07-06,M010-07a76cc0,245973,JPY,CREDIT,BANK,2026-07-06 16:53:18
BNK-0000171,2026-07-06,M006-af896910,170044,EUR,CREDIT,BANK,2026-07-06 00:18:15
BNK-0000172,2026-07-06,M003-1ceb374d,230929,GBP,CREDIT,BANK,2026-07-06 20:58:40
BNK-0000173,2026-07-06,M012-83f84d30,354274,EUR,CREDIT,BANK,2026-07-06 08:41:27
BNK-0000174,2026-07-06,M018-4d83cee9,261234,USD,CREDIT,BANK,2026-07-06 19:45:43
BNK-0000175,2026-07-06,M010-ca0fce95,205081,GBP,CREDIT,BANK,2026-07-06 08:08:55
BNK-0000176,2026-07-06,M005-72aa7a6d,301792,JPY,CREDIT,BANK,2026-07-06 08:40:28
BNK-0000177,2026-07-06,M001-f99ddceb,25073,USD,CREDIT,BANK,2026-07-06 12:08:40
BNK-0000178,2026-07-06,M001-3dbc46df,275581,USD,CREDIT,BANK,2026-07-06 04:50:28
BNK-0000179,2026-07-06,M020-25bab295,362836,GBP,CREDIT,BANK,2026-07-06 22:12:40
BNK-0000180,2026-07-06,M010-d5966d51,430456,GBP,CREDIT,BANK,2026-07-06 20:56:16
BNK-0000181,2026-07-06,M020-1d00909c,185370,USD,CREDIT,BANK,2026-07-06 05:40:40
BNK-0000182,2026-07-06,M019-65f846d3,350480,USD,CREDIT,BANK,2026-07-06 13:06:59
BNK-0000183,2026-07-06,M017-25fed10a,15422,USD,CREDIT,BANK,2026-07-06 11:37:13
BNK-0000184,2026-07-06,M008-1832b6ec,144663,GBP,CREDIT,BANK,2026-07-06 09:34:18
BNK-0000185,2026-07-06,M019-777155a0,230698,USD,CREDIT,BANK,2026-07-06 08:33:01
BNK-0000186,2026-07-06,M015-8f27c7d9,219599,GBP,CREDIT,BANK,2026-07-06 03:45:22
BNK-0000187,2026-07-06,M016-255bc509,415832,USD,CREDIT,BANK,2026-07-06 00:53:34
BNK-0000188,2026-07-06,M012-cac23db7,175844,USD,CREDIT,BANK,2026-07-06 10:53:20
BNK-0000189,2026-07-08,M015-d180a474,180856,GBP,CREDIT,BANK,2026-07-08 01:39:04
BNK-0000190,2026-07-06,M018-e75bb6cc,291167,EUR,CREDIT,BANK,2026-07-06 11:32:41
BNK-0000191,2026-07-06,M019-67e48eb7,156046,EUR,CREDIT,BANK,2026-07-06 00:15:02
BNK-0000192,2026-07-06,M017-28c0490c,66006,EUR,CREDIT,BANK,2026-07-06 08:40:42
BNK-0000193,2026-07-06,M006-32b96292,168515,EUR,CREDIT,BANK,2026-07-06 18:16:44
BNK-0000194,2026-07-06,M005-ce4850bb,148140,JPY,CREDIT,BANK,2026-07-06 18:28:55
BNK-0000195,2026-07-06,M001-b3593871,130344,JPY,CREDIT,BANK,2026-07-06 05:45:38
BNK-0000196,2026-07-06,M020-94c1957f,226012,EUR,CREDIT,BANK,2026-07-06 11:52:00
BNK-0000197,2026-07-06,M009-b0391173,351443,JPY,CREDIT,BANK,2026-07-06 07:32:56
BNK-0000198,2026-07-06,M012-782bdeae,218951,USD,CREDIT,BANK,2026-07-06 17:24:38
BNK-0000199,2026-07-06,M007-4f618557,353009,JPY,CREDIT,BANK,2026-07-06 02:03:15
BNK-0000200,2026-07-06,M008-bd26944f,88307,USD,CREDIT,BANK,2026-07-06 06:10:11
BNK-0000201,2026-07-06,M008-e4b9447a,3479,EUR,CREDIT,BANK,2026-07-06 07:19:03
BNK-0000202,2026-07-06,M004-4ec6390b,398829,JPY,CREDIT,BANK,2026-07-06 11:21:48
BNK-0000203,2026-07-06,M002-9639e35a,469863,USD,CREDIT,BANK,2026-07-06 23:03:01
BNK-0000204,2026-07-08,M019-210ef2a8,152034,GBP,CREDIT,BANK,2026-07-08 03:26:10
BNK-0000205,2026-07-06,M014-a0b29872,99614,JPY,CREDIT,BANK,2026-07-06 05:57:36
BNK-0000206,2026-07-06,M001-49b5539a,406228,USD,CREDIT,BANK,2026-07-06 05:28:29
BNK-0000207,2026-07-06,M012-4b87113c,120954,GBP,CREDIT,BANK,2026-07-06 07:26:02
BNK-0000208,2026-07-06,M007-5924754e,221863,JPY,CREDIT,BANK,2026-07-06 20:30:59
BNK-0000209,2026-07-06,M013-f66b01d4,21141,USD,CREDIT,BANK,2026-07-06 04:48:30
BNK-0000210,2026-07-06,M002-2e055c90,467043,JPY,CREDIT,BANK,2026-07-06 11:25:53
BNK-0000211,2026-07-06,M019-f2aed4c2,297791,GBP,CREDIT,BANK,2026-07-06 19:56:43
BNK-0000212,2026-07-06,M002-9dbf49a0,319619,GBP,CREDIT,BANK,2026-07-06 13:38:29
BNK-0000213,2026-07-06,M008-4bdb7ec8,362571,JPY,CREDIT,BANK,2026-07-06 14:20:13
BNK-0000214,2026-07-06,M006-78368f7e,287569,EUR,CREDIT,BANK,2026-07-06 19:13:59
BNK-0000215,2026-07-06,M019-2d2e433e,385859,USD,CREDIT,BANK,2026-07-06 04:17:16
BNK-0000216,2026-07-06,M013-f24b1c71,100677,EUR,CREDIT,BANK,2026-07-06 02:41:29
BNK-0000217,2026-07-06,M001-34d263b5,241218,EUR,CREDIT,BANK,2026-07-06 17:06:58
BNK-0000218,2026-07-06,M011-37bbf1b3,433068,USD,CREDIT,BANK,2026-07-06 03:11:23
BNK-0000219,2026-07-06,M011-8b6e0e30,18102,USD,CREDIT,BANK,2026-07-06 04:15:57
BNK-0000220,2026-07-06,M003-9c488e00,97384,GBP,CREDIT,BANK,2026-07-06 11:54:32
BNK-0000221,2026-07-06,M005-1125cf5e,263174,JPY,CREDIT,BANK,2026-07-06 16:41:50
BNK-0000222,2026-07-06,M020-694165be,189432,USD,CREDIT,BANK,2026-07-06 06:21:33
BNK-0000223,2026-07-06,M015-a0afa707,491574,JPY,CREDIT,BANK,2026-07-06 18:38:39
BNK-0000224,2026-07-06,M020-48c828b4,330959,USD,CREDIT,BANK,2026-07-06 06:41:11
BNK-0000225,2026-07-06,M002-d3b97429,457579,USD,CREDIT,BANK,2026-07-06 16:20:39
BNK-0000226,2026-07-06,M011-7bca1aaf,267063,GBP,CREDIT,BANK,2026-07-06 23:00:12
BNK-0000227,2026-07-06,M008-460ecec9,183300,EUR,CREDIT,BANK,2026-07-06 14:31:09
BNK-0000228,2026-07-06,M019-98a26259,75600,USD,CREDIT,BANK,2026-07-06 17:40:02
BNK-0000229,2026-07-06,M015-2fa58805,406278,GBP,CREDIT,BANK,2026-07-06 15:24:50
BNK-0000230,2026-07-06,M008-ce693671,114659,USD,CREDIT,BANK,2026-07-06 16:48:41
BNK-0000231,2026-07-06,M020-a40680a0,41780,USD,CREDIT,BANK,2026-07-06 22:58:32
BNK-0000232,2026-07-06,M011-ca51d12a,340427,USD,CREDIT,BANK,2026-07-06 07:25:15
BNK-0000233,2026-07-07,M020-00aa1da5,134851,JPY,CREDIT,BANK,2026-07-07 21:27:42
BNK-0000234,2026-07-06,M007-bbdb4a78,277801,EUR,CREDIT,BANK,2026-07-06 11:27:48
BNK-0000235,2026-07-06,M016-9e8b8480,407043,USD,CREDIT,BANK,2026-07-06 11:18:02
BNK-0000236,2026-07-06,M004-7c204316,79204,GBP,CREDIT,BANK,2026-07-06 12:20:55
BNK-0000237,2026-07-06,M006-b4550b7e,492948,GBP,CREDIT,BANK,2026-07-06 09:06:55
BNK-0000238,2026-07-06,M016-ce6a0302,333713,EUR,CREDIT,BANK,2026-07-06 00:32:17
BNK-0000239,2026-07-06,M013-cdc70808,31699,GBP,CREDIT,BANK,2026-07-06 03:18:30
BNK-0000240,2026-07-06,M008-ad89f65f,185957,EUR,CREDIT,BANK,2026-07-06 07:15:33
BNK-0000241,2026-07-06,M009-92a0f75a,431599,EUR,CREDIT,BANK,2026-07-06 14:04:01
BNK-0000242,2026-07-06,M020-16b1e5d4,111284,JPY,CREDIT,BANK,2026-07-06 09:42:30
BNK-0000243,2026-07-06,M010-40494b35,422262,USD,CREDIT,BANK,2026-07-06 03:34:59
BNK-0000244,2026-07-06,M013-ca176014,217360,USD,CREDIT,BANK,2026-07-06 01:12:22
BNK-0000245,2026-07-06,M008-01a233f4,366275,JPY,CREDIT,BANK,2026-07-06 21:16:00
BNK-0000246,2026-07-06,M001-43bf2b67,117594,EUR,CREDIT,BANK,2026-07-06 22:23:20
BNK-0000247,2026-07-06,M009-82161db8,8227,EUR,CREDIT,BANK,2026-07-06 23:44:51
BNK-0000248,2026-07-06,M018-d8cdadc4,287984,GBP,CREDIT,BANK,2026-07-06 07:00:01
BNK-0000249,2026-07-06,M013-078c7632,421498,JPY,CREDIT,BANK,2026-07-06 07:23:58
BNK-0000250,2026-07-06,M002-aeae0ffa,212966,USD,CREDIT,BANK,2026-07-06 11:39:47
BNK-0000251,2026-07-06,M013-cb2c8a27,432732,EUR,CREDIT,BANK,2026-07-06 06:36:38
BNK-0000252,2026-07-06,M009-bf742b65,476695,GBP,CREDIT,BANK,2026-07-06 05:44:36
BNK-0000253,2026-07-06,M008-51acbd3d,80131,EUR,CREDIT,BANK,2026-07-06 00:32:36
BNK-0000254,2026-07-06,M009-b9e28c9e,53998,JPY,CREDIT,BANK,2026-07-06 16:35:13
BNK-0000255,2026-07-06,M015-404bf7ba,383186,JPY,CREDIT,BANK,2026-07-06 01:54:29
BNK-0000256,2026-07-06,M009-081598a8,291809,USD,CREDIT,BANK,2026-07-06 07:16:54
BNK-0000257,2026-07-06,M015-f264d9b1,275543,USD,CREDIT,BANK,2026-07-06 02:48:15
BNK-0000258,2026-07-06,M013-dd8b7c46,22140,GBP,CREDIT,BANK,2026-07-06 05:12:01
BNK-0000259,2026-07-06,M019-a22eccdf,33466,GBP,CREDIT,BANK,2026-07-06 21:43:35
BNK-0000260,2026-07-06,M001-eeddf52e,310985,USD,CREDIT,BANK,2026-07-06 03:27:58
BNK-0000261,2026-07-07,M005-6c19ace3,351672,USD,CREDIT,BANK,2026-07-07 08:47:49
BNK-0000262,2026-07-06,M019-26e16af1,53523,USD,CREDIT,BANK,2026-07-06 10:24:59
BNK-0000263,2026-07-08,M014-4aa60588,213558,EUR,CREDIT,BANK,2026-07-08 05:16:17
BNK-0000264,2026-07-06,M009-d1997cd8,291593,GBP,CREDIT,BANK,2026-07-06 11:56:52
BNK-0000265,2026-07-06,M005-bef4ba6e,108993,USD,CREDIT,BANK,2026-07-06 18:40:41
BNK-0000266,2026-07-06,M018-02da187e,382542,USD,CREDIT,BANK,2026-07-06 01:22:45
BNK-0000267,2026-07-06,M007-6615d314,212963,JPY,CREDIT,BANK,2026-07-06 20:14:39
BNK-0000268,2026-07-06,M003-5f796546,94558,JPY,CREDIT,BANK,2026-07-06 11:51:23
BNK-0000269,2026-07-06,M015-1d78ed41,105910,USD,CREDIT,BANK,2026-07-06 04:29:54
BNK-0000270,2026-07-06,M005-97a498a6,84161,USD,CREDIT,BANK,2026-07-06 13:45:46
BNK-0000271,2026-07-06,M008-c49726e4,17371,JPY,CREDIT,BANK,2026-07-06 03:20:02
BNK-0000272,2026-07-06,M014-31b3629f,356192,GBP,CREDIT,BANK,2026-07-06 06:00:21
BNK-0000273,2026-07-06,M016-89264f87,105324,USD,CREDIT,BANK,2026-07-06 22:59:42
BNK-0000274,2026-07-06,M010-30b64915,304345,USD,CREDIT,BANK,2026-07-06 02:56:59
BNK-0000275,2026-07-06,M015-b5392e33,129806,JPY,CREDIT,BANK,2026-07-06 08:28:49
BNK-0000276,2026-07-06,M020-113d4db2,242004,JPY,CREDIT,BANK,2026-07-06 19:28:18
BNK-0000277,2026-07-06,M006-a0f94833,89220,GBP,CREDIT,BANK,2026-07-06 10:54:08
BNK-0000278,2026-07-06,M004-3ae7518b,260314,EUR,CREDIT,BANK,2026-07-06 05:35:45
BNK-0000279,2026-07-06,M010-4773031f,291232,JPY,CREDIT,BANK,2026-07-06 13:09:26
BNK-0000280,2026-07-06,M019-25480dc3,361412,EUR,CREDIT,BANK,2026-07-06 12:15:47
BNK-0000281,2026-07-06,M004-677172a3,348269,USD,CREDIT,BANK,2026-07-06 18:37:47
BNK-0000282,2026-07-06,M011-50add127,425162,USD,CREDIT,BANK,2026-07-06 19:30:42
BNK-0000283,2026-07-06,M017-4667a20f,79490,EUR,CREDIT,BANK,2026-07-06 23:32:36
BNK-0000284,2026-07-06,M003-1bd2b5ff,104553,USD,CREDIT,BANK,2026-07-06 12:06:28
BNK-0000285,2026-07-06,M010-5dc93287,390774,USD,CREDIT,BANK,2026-07-06 19:28:58
BNK-0000286,2026-07-06,M019-f1ccacc2,294543,JPY,CREDIT,BANK,2026-07-06 17:04:31
BNK-0000287,2026-07-06,M011-09f03fdd,415833,JPY,CREDIT,BANK,2026-07-06 02:41:51
BNK-0000288,2026-07-08,M015-62bce19a,176055,EUR,CREDIT,BANK,2026-07-08 19:56:25
BNK-0000289,2026-07-06,M006-7361c5c8,213718,JPY,CREDIT,BANK,2026-07-06 15:19:57
BNK-0000290,2026-07-06,M005-bc9fa65c,88024,GBP,CREDIT,BANK,2026-07-06 16:11:11
BNK-0000291,2026-07-06,M001-e8b3c48d,54590,EUR,CREDIT,BANK,2026-07-06 09:17:13
BNK-0000292,2026-07-06,M020-9b9c1ffb,233084,GBP,CREDIT,BANK,2026-07-06 11:06:38
BNK-0000293,2026-07-06,M001-ce94e1af,459065,USD,CREDIT,BANK,2026-07-06 15:07:37
BNK-0000294,2026-07-06,M009-1c58790d,98587,EUR,CREDIT,BANK,2026-07-06 02:42:30
BNK-0000295,2026-07-06,M014-cfb8a5f1,422201,USD,CREDIT,BANK,2026-07-06 13:20:25
BNK-0000296,2026-07-06,M012-1595919c,105468,EUR,CREDIT,BANK,2026-07-06 08:06:24
BNK-0000297,2026-07-06,M012-f6aec38b,142989,EUR,CREDIT,BANK,2026-07-06 18:11:58
BNK-0000298,2026-07-06,M013-6ed5a148,140005,JPY,CREDIT,BANK,2026-07-06 22:51:54
BNK-0000299,2026-07-06,M016-8cbc938e,394695,JPY,CREDIT,BANK,2026-07-06 03:10:51
BNK-0000300,2026-07-06,M002-b8723d39,185666,GBP,CREDIT,BANK,2026-07-06 20:21:35
BNK-0000301,2026-07-06,M006-caccfab5,406318,USD,CREDIT,BANK,2026-07-06 13:44:10
BNK-0000302,2026-07-06,M005-46a2d207,351063,JPY,CREDIT,BANK,2026-07-06 10:52:34
BNK-0000303,2026-07-06,M013-4477391c,300995,EUR,CREDIT,BANK,2026-07-06 18:36:09
BNK-0000304,2026-07-06,M005-286793b2,321149,JPY,CREDIT,BANK,2026-07-06 02:00:43
BNK-0000305,2026-07-06,M017-60e4e81e,64078,USD,CREDIT,BANK,2026-07-06 18:01:37
BNK-0000306,2026-07-06,M020-e3f79aa7,20964,USD,CREDIT,BANK,2026-07-06 17:33:23
BNK-0000307,2026-07-06,M007-07508db2,440340,GBP,CREDIT,BANK,2026-07-06 04:12:40
BNK-0000308,2026-07-06,M009-ccd71ba8,306866,USD,CREDIT,BANK,2026-07-06 12:00:36
BNK-0000309,2026-07-06,M016-e6a63c59,226340,EUR,CREDIT,BANK,2026-07-06 15:30:52
BNK-0000310,2026-07-06,M003-6869002b,230160,USD,CREDIT,BANK,2026-07-06 19:35:43
BNK-0000311,2026-07-06,M001-5ab9315b,292673,GBP,CREDIT,BANK,2026-07-06 20:28:12
BNK-0000312,2026-07-06,M001-a34bff2a,405225,JPY,CREDIT,BANK,2026-07-06 22:41:20
BNK-0000313,2026-07-06,M016-8c6b8068,445828,EUR,CREDIT,BANK,2026-07-06 18:55:30
BNK-0000314,2026-07-06,M017-5d44036c,406116,JPY,CREDIT,BANK,2026-07-06 11:33:28
BNK-0000315,2026-07-06,M002-2aaef607,466302,EUR,CREDIT,BANK,2026-07-06 16:05:36
BNK-0000316,2026-07-06,M012-346eee21,461786,JPY,CREDIT,BANK,2026-07-06 11:22:29
BNK-0000317,2026-07-06,M006-ff43fc27,341884,JPY,CREDIT,BANK,2026-07-06 19:11:56
BNK-0000318,2026-07-06,M008-7173601e,205880,USD,CREDIT,BANK,2026-07-06 20:47:52
BNK-0000319,2026-07-06,M002-4e0f3354,137964,JPY,CREDIT,BANK,2026-07-06 01:12:27
BNK-0000320,2026-07-06,M006-c0202219,55717,GBP,CREDIT,BANK,2026-07-06 01:45:46
BNK-0000321,2026-07-06,M001-e636d32b,12820,EUR,CREDIT,BANK,2026-07-06 05:25:06
BNK-0000322,2026-07-06,M003-2b89994f,445703,EUR,CREDIT,BANK,2026-07-06 20:01:44
BNK-0000323,2026-07-06,M011-2136ced6,4020,EUR,CREDIT,BANK,2026-07-06 11:42:21
BNK-0000324,2026-07-06,M003-04d159e8,439127,USD,CREDIT,BANK,2026-07-06 07:49:04
BNK-0000325,2026-07-06,M009-0ac35e5f,443951,GBP,CREDIT,BANK,2026-07-06 04:37:14
BNK-0000326,2026-07-06,M011-0d0a7ba0,421580,GBP,CREDIT,BANK,2026-07-06 21:09:30
BNK-0000327,2026-07-06,M008-531adab2,416848,GBP,CREDIT,BANK,2026-07-06 06:23:55
BNK-0000328,2026-07-06,M015-17d26690,111091,EUR,CREDIT,BANK,2026-07-06 00:06:25
BNK-0000329,2026-07-07,M014-e59c7a80,497049,USD,CREDIT,BANK,2026-07-07 05:34:22
BNK-0000330,2026-07-06,M009-2c922202,344193,EUR,CREDIT,BANK,2026-07-06 08:06:32
BNK-0000331,2026-07-06,M005-8e5389cd,378969,USD,CREDIT,BANK,2026-07-06 07:03:51
BNK-0000332,2026-07-06,M006-eaa60c73,381945,JPY,CREDIT,BANK,2026-07-06 20:06:52
BNK-0000333,2026-07-06,M012-06225985,145818,GBP,CREDIT,BANK,2026-07-06 11:35:45
BNK-0000334,2026-07-06,M002-27129084,133237,JPY,CREDIT,BANK,2026-07-06 17:39:49
BNK-0000335,2026-07-06,M012-4b8bb537,284509,GBP,CREDIT,BANK,2026-07-06 01:21:45
BNK-0000336,2026-07-06,M006-0767cb7f,399126,GBP,CREDIT,BANK,2026-07-06 12:13:14
BNK-0000337,2026-07-08,M001-b790fef3,52422,USD,CREDIT,BANK,2026-07-08 05:52:30
BNK-0000339,2026-07-06,M012-a127f6c3,246078,JPY,CREDIT,BANK,2026-07-06 04:20:59
BNK-0000340,2026-07-06,M014-5a632f8e,125891,USD,CREDIT,BANK,2026-07-06 09:44:15
BNK-0000341,2026-07-06,M015-a368b23f,39225,EUR,CREDIT,BANK,2026-07-06 02:07:11
BNK-0000342,2026-07-06,M006-0f17f4b4,329215,USD,CREDIT,BANK,2026-07-06 09:37:14
BNK-0000343,2026-07-06,M011-570e2e61,449680,USD,CREDIT,BANK,2026-07-06 18:09:06
BNK-0000344,2026-07-06,M005-62c050bf,159816,EUR,CREDIT,BANK,2026-07-06 18:10:32
BNK-0000345,2026-07-06,M016-666f69e8,268503,GBP,CREDIT,BANK,2026-07-06 02:14:36
BNK-0000346,2026-07-06,M011-ad0b5704,213574,USD,CREDIT,BANK,2026-07-06 15:32:16
BNK-0000347,2026-07-06,M009-c48738d4,249170,JPY,CREDIT,BANK,2026-07-06 18:02:21
BNK-0000348,2026-07-06,M017-157d52ed,305027,EUR,CREDIT,BANK,2026-07-06 21:10:28
BNK-0000349,2026-07-06,M019-8d31d309,451203,EUR,CREDIT,BANK,2026-07-06 12:15:52
BNK-0000350,2026-07-06,M006-c93e7fb6,220446,EUR,CREDIT,BANK,2026-07-06 15:45:43
BNK-0000351,2026-07-06,M019-587db821,299259,GBP,CREDIT,BANK,2026-07-06 02:20:32
BNK-0000352,2026-07-06,M016-0efa5ea7,352578,EUR,CREDIT,BANK,2026-07-06 00:37:09
BNK-0000353,2026-07-06,M003-c47bbcfb,284648,EUR,CREDIT,BANK,2026-07-06 23:54:33
BNK-0000354,2026-07-06,M008-314cd2fe,461004,EUR,CREDIT,BANK,2026-07-06 01:42:13
BNK-0000355,2026-07-06,M019-a5f05cb3,181183,GBP,CREDIT,BANK,2026-07-06 23:54:40
BNK-0000356,2026-07-06,M010-6b9852e1,332906,EUR,CREDIT,BANK,2026-07-06 18:23:15
BNK-0000357,2026-07-06,M001-80205270,380534,JPY,CREDIT,BANK,2026-07-06 07:21:10
BNK-0000358,2026-07-06,M006-0032264f,472430,GBP,CREDIT,BANK,2026-07-06 23:05:27
BNK-0000359,2026-07-06,M017-df8a1285,168105,GBP,CREDIT,BANK,2026-07-06 05:37:40
BNK-0000360,2026-07-06,M003-4aaf4614,365433,USD,CREDIT,BANK,2026-07-06 07:29:24
BNK-0000361,2026-07-06,M014-792f3246,154840,JPY,CREDIT,BANK,2026-07-06 08:56:37
BNK-0000362,2026-07-06,M015-2fd40663,414953,JPY,CREDIT,BANK,2026-07-06 16:48:50
BNK-0000363,2026-07-06,M015-da107079,393857,EUR,CREDIT,BANK,2026-07-06 01:55:02
BNK-0000364,2026-07-06,M015-6984517e,473015,EUR,CREDIT,BANK,2026-07-06 15:24:11
BNK-0000365,2026-07-06,M010-91a291a7,165489,JPY,CREDIT,BANK,2026-07-06 22:54:24
BNK-0000366,2026-07-06,M008-a3bf9232,15947,JPY,CREDIT,BANK,2026-07-06 06:30:28
BNK-0000367,2026-07-06,M014-7eafdbea,35075,JPY,CREDIT,BANK,2026-07-06 21:00:14
BNK-0000368,2026-07-06,M004-84142e19,46164,JPY,CREDIT,BANK,2026-07-06 14:25:35
BNK-0000369,2026-07-06,M011-4c311943,272627,JPY,CREDIT,BANK,2026-07-06 12:41:29
BNK-0000370,2026-07-06,M011-d575cdab,429347,EUR,CREDIT,BANK,2026-07-06 02:18:25
BNK-0000371,2026-07-06,M008-28cf759e,289470,JPY,CREDIT,BANK,2026-07-06 20:01:01
BNK-0000372,2026-07-06,M007-f3a708f4,392890,EUR,CREDIT,BANK,2026-07-06 11:36:27
BNK-0000373,2026-07-06,M020-a6d107b0,164584,GBP,CREDIT,BANK,2026-07-06 11:42:57
BNK-0000374,2026-07-06,M009-a7a8b9bb,471744,USD,CREDIT,BANK,2026-07-06 19:43:39
BNK-0000375,2026-07-06,M010-0d715498,494476,USD,CREDIT,BANK,2026-07-06 14:32:43
BNK-0000376,2026-07-06,M011-47a1b5a4,229210,JPY,CREDIT,BANK,2026-07-06 18:43:22
BNK-0000378,2026-07-06,M004-07b22f16,465092,GBP,CREDIT,BANK,2026-07-06 06:23:45
BNK-0000379,2026-07-06,M013-c9fab9b3,420938,GBP,CREDIT,BANK,2026-07-06 05:14:56
BNK-0000380,2026-07-06,M017-d0766bb3,253968,USD,CREDIT,BANK,2026-07-06 03:46:56
BNK-0000381,2026-07-07,M019-d04d259b,242175,USD,CREDIT,BANK,2026-07-07 13:45:30
BNK-0000382,2026-07-06,M008-5c2d6a9a,463253,GBP,CREDIT,BANK,2026-07-06 07:14:26
BNK-0000383,2026-07-06,M006-04c5503b,286816,JPY,CREDIT,BANK,2026-07-06 04:28:02
BNK-0000384,2026-07-06,M002-6e4644e0,264918,EUR,CREDIT,BANK,2026-07-06 12:41:03
BNK-0000385,2026-07-06,M020-7d6e120a,317000,GBP,CREDIT,BANK,2026-07-06 00:32:28
BNK-0000386,2026-07-06,M006-757563e6,282563,EUR,CREDIT,BANK,2026-07-06 11:17:31
BNK-0000387,2026-07-06,M014-e22d4ae5,256262,USD,CREDIT,BANK,2026-07-06 14:59:13
BNK-0000388,2026-07-06,M018-675dbd99,214293,GBP,CREDIT,BANK,2026-07-06 02:21:33
BNK-0000389,2026-07-06,M007-6a395dfe,44656,JPY,CREDIT,BANK,2026-07-06 15:43:12
BNK-0000390,2026-07-06,M019-f6f4572b,248123,JPY,CREDIT,BANK,2026-07-06 06:59:17
BNK-0000391,2026-07-06,M003-dabc4e01,52759,JPY,CREDIT,BANK,2026-07-06 19:15:31
BNK-0000392,2026-07-06,M016-cd9504bc,267062,GBP,CREDIT,BANK,2026-07-06 18:21:45
BNK-0000393,2026-07-06,M019-c59340af,178488,EUR,CREDIT,BANK,2026-07-06 15:49:36
BNK-0000394,2026-07-06,M009-baf3a8c8,273649,GBP,CREDIT,BANK,2026-07-06 05:32:45
BNK-0000395,2026-07-06,M012-9f5c0266,144808,USD,CREDIT,BANK,2026-07-06 01:57:59
BNK-0000396,2026-07-06,M005-71d83342,163318,EUR,CREDIT,BANK,2026-07-06 15:39:29
BNK-0000397,2026-07-06,M005-1fcd2549,439205,JPY,CREDIT,BANK,2026-07-06 06:05:50
BNK-0000398,2026-07-06,M004-53e5356b,11626,USD,CREDIT,BANK,2026-07-06 14:45:14
BNK-0000399,2026-07-06,M007-acd8e7f0,63630,GBP,CREDIT,BANK,2026-07-06 16:49:19
BNK-0000400,2026-07-06,M006-b1e1e0ee,94518,EUR,CREDIT,BANK,2026-07-06 18:25:22
BNK-0000401,2026-07-06,M020-414f5c50,346380,GBP,CREDIT,BANK,2026-07-06 00:42:14
BNK-0000402,2026-07-06,M017-d6cdaf5a,442943,USD,CREDIT,BANK,2026-07-06 06:24:46
BNK-0000403,2026-07-06,M007-0aa8a5f8,474091,GBP,CREDIT,BANK,2026-07-06 01:25:45
BNK-0000404,2026-07-06,M003-4d2d9d02,487798,JPY,CREDIT,BANK,2026-07-06 19:44:50
BNK-0000405,2026-07-06,M005-3de82eb3,197566,USD,CREDIT,BANK,2026-07-06 02:52:46
BNK-0000406,2026-07-06,M003-6d8eacf3,145949,GBP,CREDIT,BANK,2026-07-06 04:46:42
BNK-0000407,2026-07-07,M002-c781ef02,184551,EUR,CREDIT,BANK,2026-07-07 17:18:11
BNK-0000408,2026-07-06,M007-29a54358,315057,JPY,CREDIT,BANK,2026-07-06 15:21:13
BNK-0000409,2026-07-06,M006-8817592c,248656,EUR,CREDIT,BANK,2026-07-06 09:04:10
BNK-0000410,2026-07-06,M015-fa1c7ef6,51755,EUR,CREDIT,BANK,2026-07-06 22:57:27
BNK-0000411,2026-07-08,M006-c54fff8b,290716,USD,CREDIT,BANK,2026-07-08 03:56:37
BNK-0000412,2026-07-06,M019-3bc34f9a,85251,GBP,CREDIT,BANK,2026-07-06 20:03:26
BNK-0000413,2026-07-06,M018-a6e39ebb,164750,EUR,CREDIT,BANK,2026-07-06 10:41:32
BNK-0000414,2026-07-06,M007-69972d06,189124,EUR,CREDIT,BANK,2026-07-06 05:25:00
BNK-0000415,2026-07-08,M007-3936081d,395097,USD,CREDIT,BANK,2026-07-08 01:57:28
BNK-0000416,2026-07-06,M011-b5065736,270299,USD,CREDIT,BANK,2026-07-06 17:25:38
BNK-0000417,2026-07-06,M009-c02d384d,354051,GBP,CREDIT,BANK,2026-07-06 06:06:40
BNK-0000418,2026-07-06,M001-c5bb4bb8,28746,USD,CREDIT,BANK,2026-07-06 04:42:05
BNK-0000419,2026-07-06,M006-33593fde,79717,EUR,CREDIT,BANK,2026-07-06 05:43:06
BNK-0000420,2026-07-06,M001-4707b72f,124025,USD,CREDIT,BANK,2026-07-06 15:22:22
BNK-0000421,2026-07-06,M014-71e71562,250004,GBP,CREDIT,BANK,2026-07-06 16:52:26
BNK-0000422,2026-07-06,M011-2d92e745,177838,USD,CREDIT,BANK,2026-07-06 05:22:02
BNK-0000423,2026-07-06,M011-d51f3519,370454,USD,CREDIT,BANK,2026-07-06 00:28:50
BNK-0000424,2026-07-08,M011-6c576d8e,53918,USD,CREDIT,BANK,2026-07-08 18:02:51
BNK-0000425,2026-07-06,M001-36d29ba7,347206,EUR,CREDIT,BANK,2026-07-06 01:54:43
BNK-0000426,2026-07-06,M011-dd242216,20071,EUR,CREDIT,BANK,2026-07-06 13:22:57
BNK-0000427,2026-07-06,M004-863fe92f,263450,JPY,CREDIT,BANK,2026-07-06 19:26:54
BNK-0000428,2026-07-06,M003-05123a71,229386,JPY,CREDIT,BANK,2026-07-06 21:43:20
BNK-0000429,2026-07-08,M009-d85ee504,89665,GBP,CREDIT,BANK,2026-07-08 08:15:26
BNK-0000430,2026-07-06,M008-33c27041,345721,EUR,CREDIT,BANK,2026-07-06 18:07:06
BNK-0000431,2026-07-06,M003-e696fa4b,309665,GBP,CREDIT,BANK,2026-07-06 20:44:40
BNK-0000432,2026-07-06,M018-40dd5198,325011,EUR,CREDIT,BANK,2026-07-06 09:46:19
BNK-0000433,2026-07-06,M015-7c99c18f,271513,GBP,CREDIT,BANK,2026-07-06 16:50:07
BNK-0000434,2026-07-06,M007-9eb2b67d,452111,JPY,CREDIT,BANK,2026-07-06 09:07:19
BNK-0000435,2026-07-06,M009-81abd1d9,363843,GBP,CREDIT,BANK,2026-07-06 01:58:59
BNK-0000436,2026-07-06,M008-35f3b68f,176890,GBP,CREDIT,BANK,2026-07-06 14:38:56
BNK-0000437,2026-07-06,M014-4a455b81,151395,JPY,CREDIT,BANK,2026-07-06 17:09:27
BNK-0000438,2026-07-06,M008-1dd64b33,19491,GBP,CREDIT,BANK,2026-07-06 07:54:50
BNK-0000439,2026-07-06,M015-0cc5c0b3,312195,JPY,CREDIT,BANK,2026-07-06 12:28:04
BNK-0000440,2026-07-06,M011-66079367,356495,EUR,CREDIT,BANK,2026-07-06 17:50:15
BNK-0000441,2026-07-06,M019-a2e376e9,63837,GBP,CREDIT,BANK,2026-07-06 20:23:45
BNK-0000442,2026-07-06,M012-3ac7d7a7,473267,USD,CREDIT,BANK,2026-07-06 12:12:31
BNK-0000443,2026-07-06,M002-fe01ce75,141378,GBP,CREDIT,BANK,2026-07-06 11:28:35
BNK-0000444,2026-07-07,M016-8e29e602,83883,JPY,CREDIT,BANK,2026-07-07 06:21:54
BNK-0000445,2026-07-06,M006-de9bb53f,2932,GBP,CREDIT,BANK,2026-07-06 04:16:18
BNK-0000446,2026-07-06,M010-ba892b3b,115793,EUR,CREDIT,BANK,2026-07-06 06:06:45
BNK-0000447,2026-07-06,M018-3a5d0b7c,72368,GBP,CREDIT,BANK,2026-07-06 03:43:42
BNK-0000448,2026-07-06,M012-5e5b10c7,135559,JPY,CREDIT,BANK,2026-07-06 07:42:05
BNK-0000449,2026-07-06,M011-ff652558,354360,JPY,CREDIT,BANK,2026-07-06 03:33:22
BNK-0000450,2026-07-06,M017-5a94f348,368322,EUR,CREDIT,BANK,2026-07-06 19:40:51
BNK-0000451,2026-07-07,M007-a4bfe513,352453,EUR,CREDIT,BANK,2026-07-07 02:31:15
BNK-0000452,2026-07-06,M019-5007e2e7,140485,EUR,CREDIT,BANK,2026-07-06 03:14:23
BNK-0000453,2026-07-06,M007-a04ab220,471355,GBP,CREDIT,BANK,2026-07-06 03:41:42
BNK-0000454,2026-07-06,M004-8926e801,83919,USD,CREDIT,BANK,2026-07-06 13:01:53
BNK-0000455,2026-07-06,M008-f4cece67,48215,GBP,CREDIT,BANK,2026-07-06 07:58:12
BNK-0000456,2026-07-06,M017-c1736ebe,70037,EUR,CREDIT,BANK,2026-07-06 12:26:36
BNK-0000457,2026-07-06,M017-bc65bfc5,14030,JPY,CREDIT,BANK,2026-07-06 12:48:47
BNK-0000458,2026-07-06,M005-f667b388,481681,JPY,CREDIT,BANK,2026-07-06 13:41:14
BNK-0000459,2026-07-06,M004-6ad09844,147896,JPY,CREDIT,BANK,2026-07-06 13:25:22
BNK-0000460,2026-07-06,M006-dedd634d,352691,GBP,CREDIT,BANK,2026-07-06 09:03:01
BNK-0000461,2026-07-06,M005-dc843565,116217,GBP,CREDIT,BANK,2026-07-06 05:31:06
BNK-0000462,2026-07-06,M018-f306e13d,230714,EUR,CREDIT,BANK,2026-07-06 17:37:56
BNK-0000463,2026-07-06,M010-5bb3f259,492769,EUR,CREDIT,BANK,2026-07-06 08:17:15
BNK-0000464,2026-07-06,M018-16762882,31609,USD,CREDIT,BANK,2026-07-06 06:27:45
BNK-0000465,2026-07-06,M006-e7b7d370,578,GBP,CREDIT,BANK,2026-07-06 16:03:21
BNK-0000466,2026-07-06,M004-076b1acd,365613,JPY,CREDIT,BANK,2026-07-06 09:29:22
BNK-0000467,2026-07-06,M018-d2edf85d,117422,JPY,CREDIT,BANK,2026-07-06 22:10:05
BNK-0000468,2026-07-06,M014-6e732bd0,346709,EUR,CREDIT,BANK,2026-07-06 05:19:23
BNK-0000469,2026-07-06,M007-9d64c090,428884,JPY,CREDIT,BANK,2026-07-06 18:38:37
BNK-0000470,2026-07-06,M011-41291995,176739,EUR,CREDIT,BANK,2026-07-06 20:04:43
BNK-0000471,2026-07-06,M003-5cd33e9f,13439,GBP,CREDIT,BANK,2026-07-06 11:46:36
BNK-0000472,2026-07-06,M013-c6afcc83,228433,USD,CREDIT,BANK,2026-07-06 21:07:22
BNK-0000473,2026-07-06,M015-4ec8b45d,458445,GBP,CREDIT,BANK,2026-07-06 12:55:25
BNK-0000474,2026-07-07,M009-0d21e9e2,64582,EUR,CREDIT,BANK,2026-07-07 11:28:09
BNK-0000475,2026-07-06,M013-cb4f2004,265605,GBP,CREDIT,BANK,2026-07-06 15:05:05
BNK-0000476,2026-07-06,M003-249de87a,290004,USD,CREDIT,BANK,2026-07-06 19:59:06
BNK-0000477,2026-07-06,M002-d9133d26,284958,USD,CREDIT,BANK,2026-07-06 19:20:01
BNK-0000478,2026-07-08,M009-d09ea982,151830,JPY,CREDIT,BANK,2026-07-08 06:07:44
BNK-0000479,2026-07-06,M011-a99b7d87,193528,EUR,CREDIT,BANK,2026-07-06 05:33:26
BNK-0000480,2026-07-06,M015-6440285b,496296,GBP,CREDIT,BANK,2026-07-06 11:53:55
BNK-0000481,2026-07-06,M020-53935fd1,209497,EUR,CREDIT,BANK,2026-07-06 03:19:59
BNK-0000482,2026-07-06,M013-6b9ccc6c,359319,JPY,CREDIT,BANK,2026-07-06 08:30:46
BNK-0000483,2026-07-06,M017-12725b8e,291856,GBP,CREDIT,BANK,2026-07-06 14:18:14
BNK-0000484,2026-07-06,M010-55246fa3,419096,GBP,CREDIT,BANK,2026-07-06 22:29:01
BNK-0000485,2026-07-06,M005-99286c0d,444746,EUR,CREDIT,BANK,2026-07-06 18:43:26
BNK-0000486,2026-07-06,M015-c037c870,231187,USD,CREDIT,BANK,2026-07-06 00:34:05
BNK-0000487,2026-07-06,M015-27e961b1,305236,JPY,CREDIT,BANK,2026-07-06 15:31:03
BNK-0000488,2026-07-06,M004-f4c4e8bc,329803,USD,CREDIT,BANK,2026-07-06 08:15:26
BNK-0000489,2026-07-06,M003-69a1b31a,314396,GBP,CREDIT,BANK,2026-07-06 13:31:18
BNK-0000490,2026-07-06,M009-eeeea353,491676,GBP,CREDIT,BANK,2026-07-06 17:16:07
BNK-0000491,2026-07-06,M005-fa6aef15,71367,EUR,CREDIT,BANK,2026-07-06 05:29:48
BNK-0000492,2026-07-06,M002-2e00fd2d,234044,EUR,CREDIT,BANK,2026-07-06 10:58:37
BNK-0000493,2026-07-06,M005-7a9fdc10,307583,USD,CREDIT,BANK,2026-07-06 17:50:46
BNK-0000494,2026-07-06,M020-a0031dff,106303,JPY,CREDIT,BANK,2026-07-06 13:51:56
BNK-0000495,2026-07-06,M004-0c8d2fc3,304400,JPY,CREDIT,BANK,2026-07-06 07:37:24
BNK-0000496,2026-07-06,M013-03f91d80,261314,USD,CREDIT,BANK,2026-07-06 11:46:31
BNK-0000497,2026-07-06,M008-c391a97c,302748,GBP,CREDIT,BANK,2026-07-06 05:19:35
BNK-0000498,2026-07-06,M019-4f91904a,225881,USD,CREDIT,BANK,2026-07-06 13:36:03
BNK-0000499,2026-07-06,M002-587c7a43,16394,EUR,CREDIT,BANK,2026-07-06 21:35:40
BNK-0000500,2026-07-06,M017-4e59b08f,499090,JPY,CREDIT,BANK,2026-07-06 13:24:19
BNK-0000501,2026-07-06,M004-c2aa24c4,439724,EUR,CREDIT,BANK,2026-07-06 00:47:21
BNK-0000502,2026-07-06,M018-e4f36497,304502,USD,CREDIT,BANK,2026-07-06 18:35:10
BNK-0000503,2026-07-06,M002-ea45ac4e,51414,GBP,CREDIT,BANK,2026-07-06 09:11:20
BNK-0000504,2026-07-06,M009-b4703690,71157,EUR,CREDIT,BANK,2026-07-06 10:59:24
BNK-0000505,2026-07-06,M004-5e32bc55,482611,GBP,CREDIT,BANK,2026-07-06 23:34:39
BNK-0000506,2026-07-06,M001-247e1de3,476716,USD,CREDIT,BANK,2026-07-06 19:29:35
BNK-0000507,2026-07-06,M008-eb4c29d9,374565,JPY,CREDIT,BANK,2026-07-06 16:48:27
BNK-0000508,2026-07-06,M004-e96f9c23,229180,EUR,CREDIT,BANK,2026-07-06 23:16:06
BNK-0000509,2026-07-06,M019-8f8c375d,452304,JPY,CREDIT,BANK,2026-07-06 04:11:42
BNK-0000510,2026-07-06,M001-ac32c49d,461594,JPY,CREDIT,BANK,2026-07-06 01:24:41
BNK-0000511,2026-07-06,M010-9f4580d0,234084,GBP,CREDIT,BANK,2026-07-06 20:13:16
BNK-0000512,2026-07-06,M018-d0ed6227,196299,JPY,CREDIT,BANK,2026-07-06 15:28:57
BNK-0000513,2026-07-06,M007-edbc3729,194922,JPY,CREDIT,BANK,2026-07-06 19:54:03
BNK-0000514,2026-07-06,M019-bd57da8c,398606,JPY,CREDIT,BANK,2026-07-06 07:11:41
BNK-0000515,2026-07-06,M016-6151b926,19587,JPY,CREDIT,BANK,2026-07-06 17:01:05
BNK-0000516,2026-07-06,M010-d212562c,472081,JPY,CREDIT,BANK,2026-07-06 10:42:30
BNK-0000517,2026-07-06,M017-4ad7312f,189763,GBP,CREDIT,BANK,2026-07-06 17:47:23
BNK-0000518,2026-07-06,M013-785e55eb,194939,GBP,CREDIT,BANK,2026-07-06 09:49:58
BNK-0000519,2026-07-06,M005-269b873a,399884,JPY,CREDIT,BANK,2026-07-06 23:51:48
BNK-0000520,2026-07-06,M020-edb9f779,7048,GBP,CREDIT,BANK,2026-07-06 14:30:01
BNK-0000521,2026-07-06,M012-c200caf6,300531,JPY,CREDIT,BANK,2026-07-06 00:37:27
BNK-0000522,2026-07-06,M018-f6af0894,256751,EUR,CREDIT,BANK,2026-07-06 22:21:56
BNK-0000523,2026-07-06,M015-f569ca03,149655,EUR,CREDIT,BANK,2026-07-06 08:20:54
BNK-0000524,2026-07-06,M007-93b4398d,90878,EUR,CREDIT,BANK,2026-07-06 11:58:56
BNK-0000525,2026-07-06,M015-a807a7a6,401264,GBP,CREDIT,BANK,2026-07-06 18:20:50
BNK-0000526,2026-07-06,M009-990846b3,12772,GBP,CREDIT,BANK,2026-07-06 09:12:24
BNK-0000527,2026-07-06,M011-d82ef9b1,266621,USD,CREDIT,BANK,2026-07-06 15:48:12
BNK-0000528,2026-07-06,M020-ffa47837,294776,GBP,CREDIT,BANK,2026-07-06 23:30:13
BNK-0000529,2026-07-06,M008-74fbfb16,103510,USD,CREDIT,BANK,2026-07-06 00:42:14
BNK-0000530,2026-07-06,M008-61a128b3,271522,JPY,CREDIT,BANK,2026-07-06 23:00:37
BNK-0000531,2026-07-06,M017-34c496af,416890,EUR,CREDIT,BANK,2026-07-06 07:46:50
BNK-0000532,2026-07-06,M016-6b0ff663,411955,GBP,CREDIT,BANK,2026-07-06 03:59:57
BNK-0000533,2026-07-07,M015-a436ab2d,315183,EUR,CREDIT,BANK,2026-07-07 02:44:02
BNK-0000534,2026-07-06,M010-f8a906f5,422443,JPY,CREDIT,BANK,2026-07-06 12:22:36
BNK-0000535,2026-07-06,M012-2140fe88,98778,JPY,CREDIT,BANK,2026-07-06 02:00:30
BNK-0000536,2026-07-06,M014-84e66740,277180,GBP,CREDIT,BANK,2026-07-06 07:38:16
BNK-0000537,2026-07-06,M019-db0dd13f,69021,GBP,CREDIT,BANK,2026-07-06 20:05:35
BNK-0000538,2026-07-06,M002-ff54c4d8,364692,JPY,CREDIT,BANK,2026-07-06 23:31:33
BNK-0000539,2026-07-06,M008-b356402a,241253,USD,CREDIT,BANK,2026-07-06 20:42:41
BNK-0000540,2026-07-06,M008-512ff6d9,24881,USD,CREDIT,BANK,2026-07-06 06:29:38
BNK-0000541,2026-07-06,M007-ef51b6a3,291097,EUR,CREDIT,BANK,2026-07-06 19:16:50
BNK-0000542,2026-07-06,M015-4180fd14,61703,USD,CREDIT,BANK,2026-07-06 05:28:16
BNK-0000543,2026-07-06,M014-bc4d8b92,226835,USD,CREDIT,BANK,2026-07-06 19:28:56
BNK-0000544,2026-07-06,M011-e53b1704,207405,USD,CREDIT,BANK,2026-07-06 11:25:20
BNK-0000545,2026-07-06,M010-177e8fec,353244,JPY,CREDIT,BANK,2026-07-06 17:04:40
BNK-0000546,2026-07-06,M006-e41d62ef,60212,GBP,CREDIT,BANK,2026-07-06 12:50:24
BNK-0000547,2026-07-06,M020-0dd737ea,52463,EUR,CREDIT,BANK,2026-07-06 15:52:12
BNK-0000548,2026-07-06,M011-5a2a038d,230676,USD,CREDIT,BANK,2026-07-06 09:42:05
BNK-0000549,2026-07-06,M006-e3a65948,442228,GBP,CREDIT,BANK,2026-07-06 07:20:31
BNK-0000550,2026-07-06,M019-98e656e4,234429,GBP,CREDIT,BANK,2026-07-06 02:55:32
BNK-0000551,2026-07-06,M011-cfc4b1d8,207345,EUR,CREDIT,BANK,2026-07-06 19:34:45
BNK-0000552,2026-07-06,M017-c844be64,357789,GBP,CREDIT,BANK,2026-07-06 21:13:10
BNK-0000553,2026-07-06,M011-5282639f,1696,GBP,CREDIT,BANK,2026-07-06 15:24:29
BNK-0000554,2026-07-06,M008-b1310582,432658,GBP,CREDIT,BANK,2026-07-06 23:36:55
BNK-0000555,2026-07-06,M019-fae1983c,101130,JPY,CREDIT,BANK,2026-07-06 09:02:01
BNK-0000556,2026-07-08,M012-6a988271,372097,GBP,CREDIT,BANK,2026-07-08 01:44:16
BNK-0000557,2026-07-06,M012-a8759535,343228,EUR,CREDIT,BANK,2026-07-06 22:34:09
BNK-0000558,2026-07-06,M005-e51b20a4,468827,JPY,CREDIT,BANK,2026-07-06 02:59:03
BNK-0000559,2026-07-06,M005-5d49a54e,154576,GBP,CREDIT,BANK,2026-07-06 06:47:56
BNK-0000560,2026-07-06,M013-c4a7cb2a,66732,EUR,CREDIT,BANK,2026-07-06 19:27:21
BNK-0000561,2026-07-06,M015-3834aad0,401423,USD,CREDIT,BANK,2026-07-06 10:36:34
BNK-0000562,2026-07-06,M004-8a1483bb,370244,EUR,CREDIT,BANK,2026-07-06 04:41:03
BNK-0000563,2026-07-06,M005-1a9a3a1b,241604,JPY,CREDIT,BANK,2026-07-06 19:32:38
BNK-0000564,2026-07-06,M017-be842926,358572,JPY,CREDIT,BANK,2026-07-06 09:20:27
BNK-0000565,2026-07-06,M014-95d24734,21298,USD,CREDIT,BANK,2026-07-06 09:51:23
BNK-0000566,2026-07-06,M015-17074c45,488142,USD,CREDIT,BANK,2026-07-06 17:01:40
BNK-0000567,2026-07-06,M019-07a9f1bd,251195,JPY,CREDIT,BANK,2026-07-06 07:04:28
BNK-0000568,2026-07-06,M020-a0f40afc,67847,JPY,CREDIT,BANK,2026-07-06 05:45:09
BNK-0000569,2026-07-06,M001-f22ca78e,23850,JPY,CREDIT,BANK,2026-07-06 14:36:25
BNK-0000570,2026-07-06,M015-bf6d2d3b,304214,JPY,CREDIT,BANK,2026-07-06 21:54:31
BNK-0000571,2026-07-06,M018-7777a0c8,482170,JPY,CREDIT,BANK,2026-07-06 21:19:50
BNK-0000572,2026-07-06,M001-c95fee9c,157694,JPY,CREDIT,BANK,2026-07-06 17:46:46
BNK-0000573,2026-07-06,M006-578b3a0b,447718,USD,CREDIT,BANK,2026-07-06 09:45:05
BNK-0000574,2026-07-06,M013-aa94502e,496095,USD,CREDIT,BANK,2026-07-06 01:54:11
BNK-0000575,2026-07-06,M011-30b6d8a8,491253,EUR,CREDIT,BANK,2026-07-06 12:41:20
BNK-0000576,2026-07-06,M003-b2c80bd0,365272,GBP,CREDIT,BANK,2026-07-06 17:44:02
BNK-0000577,2026-07-07,M009-17e3a28b,192725,USD,CREDIT,BANK,2026-07-07 14:35:58
BNK-0000578,2026-07-06,M015-58af8d62,416696,JPY,CREDIT,BANK,2026-07-06 01:11:34
BNK-0000579,2026-07-06,M001-a5dd9d60,76909,USD,CREDIT,BANK,2026-07-06 14:28:02
BNK-0000580,2026-07-06,M018-e500ba01,67313,EUR,CREDIT,BANK,2026-07-06 21:07:14
BNK-0000581,2026-07-06,M008-e6273773,308463,EUR,CREDIT,BANK,2026-07-06 13:46:28
BNK-0000582,2026-07-06,M004-f5cf5ace,228246,GBP,CREDIT,BANK,2026-07-06 22:34:22
BNK-0000583,2026-07-06,M004-f327b42d,237662,USD,CREDIT,BANK,2026-07-06 10:00:41
BNK-0000584,2026-07-06,M016-df5e935a,359608,JPY,CREDIT,BANK,2026-07-06 05:06:50
BNK-0000586,2026-07-06,M010-ee0c21d6,250016,USD,CREDIT,BANK,2026-07-06 01:17:28
BNK-0000587,2026-07-06,M007-6b68607a,217098,GBP,CREDIT,BANK,2026-07-06 23:40:42
BNK-0000588,2026-07-06,M017-030cdeb0,19349,USD,CREDIT,BANK,2026-07-06 11:10:55
BNK-0000589,2026-07-06,M020-15ea8e09,74309,JPY,CREDIT,BANK,2026-07-06 18:52:17
BNK-0000590,2026-07-06,M012-e0d3f238,35647,USD,CREDIT,BANK,2026-07-06 09:27:12
BNK-0000591,2026-07-06,M013-0d502577,63306,EUR,CREDIT,BANK,2026-07-06 15:41:23
BNK-0000592,2026-07-06,M011-bd4f6906,451080,JPY,CREDIT,BANK,2026-07-06 00:46:37
BNK-0000593,2026-07-06,M014-791ac7dc,390488,EUR,CREDIT,BANK,2026-07-06 23:06:55
BNK-0000594,2026-07-06,M004-3f121614,163424,USD,CREDIT,BANK,2026-07-06 18:18:08
BNK-0000595,2026-07-06,M020-dc78b4ae,325682,EUR,CREDIT,BANK,2026-07-06 11:00:26
BNK-0000596,2026-07-06,M006-e1967f9b,138606,JPY,CREDIT,BANK,2026-07-06 05:53:31
BNK-0000597,2026-07-06,M018-7405f508,38742,EUR,CREDIT,BANK,2026-07-06 09:45:19
BNK-0000598,2026-07-06,M007-7a4d8baa,1743,JPY,CREDIT,BANK,2026-07-06 04:32:27
BNK-0000599,2026-07-06,M017-f072fe6f,387307,GBP,CREDIT,BANK,2026-07-06 20:20:17
BNK-0000600,2026-07-06,M004-0a56c206,294356,JPY,CREDIT,BANK,2026-07-06 23:08:01
BNK-0000601,2026-07-06,M010-5eb36c86,464939,USD,CREDIT,BANK,2026-07-06 23:04:01
BNK-0000602,2026-07-06,M019-78cd3d55,353232,USD,CREDIT,BANK,2026-07-06 16:30:46
BNK-0000603,2026-07-06,M009-46f56754,335872,EUR,CREDIT,BANK,2026-07-06 11:05:41
BNK-0000604,2026-07-06,M016-27200323,364280,GBP,CREDIT,BANK,2026-07-06 13:01:05
BNK-0000605,2026-07-06,M008-bcd51966,277793,JPY,CREDIT,BANK,2026-07-06 17:10:27
BNK-0000606,2026-07-06,M013-df72fdd8,476408,JPY,CREDIT,BANK,2026-07-06 13:43:09
BNK-0000607,2026-07-06,M014-1efb0f59,372576,GBP,CREDIT,BANK,2026-07-06 21:13:30
BNK-0000608,2026-07-06,M016-5eebf8ac,39396,JPY,CREDIT,BANK,2026-07-06 09:15:38
BNK-0000609,2026-07-06,M015-2b94baad,328401,USD,CREDIT,BANK,2026-07-06 21:35:44
BNK-0000610,2026-07-06,M001-b7cac4e1,69758,EUR,CREDIT,BANK,2026-07-06 04:33:48
BNK-0000611,2026-07-06,M020-429bdf9c,175524,EUR,CREDIT,BANK,2026-07-06 19:52:48
BNK-0000612,2026-07-06,M012-77f85f36,144692,EUR,CREDIT,BANK,2026-07-06 22:47:18
BNK-0000613,2026-07-06,M003-233bf7f2,265141,JPY,CREDIT,BANK,2026-07-06 07:38:17
BNK-0000614,2026-07-06,M016-f4156f47,135415,GBP,CREDIT,BANK,2026-07-06 17:37:34
BNK-0000615,2026-07-06,M015-87939185,56729,USD,CREDIT,BANK,2026-07-06 23:49:28
BNK-0000616,2026-07-06,M005-046b991a,70191,JPY,CREDIT,BANK,2026-07-06 02:47:21
BNK-0000617,2026-07-06,M003-e483476e,203935,EUR,CREDIT,BANK,2026-07-06 03:55:25
BNK-0000618,2026-07-07,M011-c5548c0f,169890,JPY,CREDIT,BANK,2026-07-07 21:28:41
BNK-0000619,2026-07-07,M014-771a22cb,117298,EUR,CREDIT,BANK,2026-07-07 16:15:11
BNK-0000620,2026-07-06,M017-3fea2a23,282992,EUR,CREDIT,BANK,2026-07-06 08:56:14
BNK-0000621,2026-07-06,M011-1ab3f7f3,123597,USD,CREDIT,BANK,2026-07-06 03:52:12
BNK-0000622,2026-07-08,M005-00258863,320266,USD,CREDIT,BANK,2026-07-08 10:47:22
BNK-0000623,2026-07-06,M008-6d133751,95304,USD,CREDIT,BANK,2026-07-06 09:56:50
BNK-0000624,2026-07-06,M004-cbf172e1,131779,GBP,CREDIT,BANK,2026-07-06 15:35:55
BNK-0000625,2026-07-06,M014-d51af040,302821,JPY,CREDIT,BANK,2026-07-06 17:37:37
BNK-0000626,2026-07-06,M009-fe293840,280086,GBP,CREDIT,BANK,2026-07-06 21:22:58
BNK-0000627,2026-07-06,M008-7ba849b7,401221,JPY,CREDIT,BANK,2026-07-06 19:59:36
BNK-0000628,2026-07-06,M019-ae895cb7,13874,USD,CREDIT,BANK,2026-07-06 01:18:50
BNK-0000629,2026-07-06,M015-819ffdf0,61565,USD,CREDIT,BANK,2026-07-06 00:38:55
BNK-0000630,2026-07-06,M010-fc0ab620,243617,USD,CREDIT,BANK,2026-07-06 04:03:07
BNK-0000631,2026-07-06,M016-52c0bc31,486329,GBP,CREDIT,BANK,2026-07-06 02:50:24
BNK-0000632,2026-07-06,M020-325628ed,23366,EUR,CREDIT,BANK,2026-07-06 07:16:49
BNK-0000633,2026-07-06,M005-b032e3a5,454061,EUR,CREDIT,BANK,2026-07-06 08:27:51
BNK-0000634,2026-07-06,M005-6432cbf2,372765,JPY,CREDIT,BANK,2026-07-06 22:21:34
BNK-0000635,2026-07-06,M006-a897e8d9,258444,EUR,CREDIT,BANK,2026-07-06 03:10:58
BNK-0000636,2026-07-06,M008-fbc28f18,82958,EUR,CREDIT,BANK,2026-07-06 13:12:02
BNK-0000637,2026-07-06,M010-f4a1df65,45188,USD,CREDIT,BANK,2026-07-06 05:54:38
BNK-0000638,2026-07-06,M016-93ef4c0b,347816,EUR,CREDIT,BANK,2026-07-06 16:11:12
BNK-0000639,2026-07-06,M009-5f79e358,342976,USD,CREDIT,BANK,2026-07-06 06:02:11
BNK-0000641,2026-07-06,M012-1f871a0a,360048,USD,CREDIT,BANK,2026-07-06 08:59:40
BNK-0000642,2026-07-06,M017-b923e7b8,54896,EUR,CREDIT,BANK,2026-07-06 22:46:34
BNK-0000643,2026-07-06,M002-6cd9bba6,36287,EUR,CREDIT,BANK,2026-07-06 21:21:00
BNK-0000644,2026-07-06,M016-f0661a54,98987,USD,CREDIT,BANK,2026-07-06 17:49:45
BNK-0000645,2026-07-06,M012-6e5a2af6,496883,EUR,CREDIT,BANK,2026-07-06 03:02:18
BNK-0000646,2026-07-06,M018-ea25bcb2,27761,USD,CREDIT,BANK,2026-07-06 03:32:34
BNK-0000647,2026-07-06,M015-8f4642cd,429484,JPY,CREDIT,BANK,2026-07-06 18:55:45
BNK-0000649,2026-07-06,M017-b6b1bb59,369161,EUR,CREDIT,BANK,2026-07-06 01:31:11
BNK-0000650,2026-07-06,M007-38fda97e,281557,GBP,CREDIT,BANK,2026-07-06 21:42:19
BNK-0000651,2026-07-06,M012-93f4b55a,221270,JPY,CREDIT,BANK,2026-07-06 10:38:37
BNK-0000652,2026-07-06,M008-e4822fde,437678,EUR,CREDIT,BANK,2026-07-06 16:54:29
BNK-0000653,2026-07-06,M012-322c2b9b,496120,JPY,CREDIT,BANK,2026-07-06 19:06:10
BNK-0000654,2026-07-06,M009-27be5d04,110234,USD,CREDIT,BANK,2026-07-06 11:43:09
BNK-0000655,2026-07-06,M012-ad4d4f86,323104,GBP,CREDIT,BANK,2026-07-06 20:13:06
BNK-0000656,2026-07-06,M014-81264a12,434021,GBP,CREDIT,BANK,2026-07-06 11:35:22
BNK-0000657,2026-07-06,M017-96176412,197579,EUR,CREDIT,BANK,2026-07-06 20:45:20
BNK-0000658,2026-07-06,M018-fac1d1cb,188106,JPY,CREDIT,BANK,2026-07-06 02:04:30
BNK-0000659,2026-07-06,M020-1450c057,289864,USD,CREDIT,BANK,2026-07-06 02:23:28
BNK-0000660,2026-07-06,M020-50df16f2,294091,USD,CREDIT,BANK,2026-07-06 08:29:05
BNK-0000661,2026-07-06,M013-e71e5cf2,307602,USD,CREDIT,BANK,2026-07-06 19:03:08
BNK-0000662,2026-07-06,M019-cb78f134,245980,GBP,CREDIT,BANK,2026-07-06 19:58:06
BNK-0000663,2026-07-06,M001-ec9d6107,440377,JPY,CREDIT,BANK,2026-07-06 03:35:07
BNK-0000664,2026-07-06,M004-724bd0b3,46416,EUR,CREDIT,BANK,2026-07-06 18:17:57
BNK-0000665,2026-07-06,M015-3e2fbb32,216108,EUR,CREDIT,BANK,2026-07-06 14:28:26
BNK-0000666,2026-07-06,M020-6f4f56a7,190279,EUR,CREDIT,BANK,2026-07-06 06:53:33
BNK-0000667,2026-07-06,M010-dc7fdfbf,205573,JPY,CREDIT,BANK,2026-07-06 15:43:08
BNK-0000668,2026-07-06,M007-956226b4,151281,GBP,CREDIT,BANK,2026-07-06 12:38:23
BNK-0000669,2026-07-06,M003-a596e733,22214,EUR,CREDIT,BANK,2026-07-06 18:25:50
BNK-0000671,2026-07-06,M014-082c8f24,148495,USD,CREDIT,BANK,2026-07-06 13:22:05
BNK-0000672,2026-07-06,M006-b1462115,164328,USD,CREDIT,BANK,2026-07-06 05:53:01
BNK-0000673,2026-07-06,M009-6ba2f4be,365539,USD,CREDIT,BANK,2026-07-06 10:28:22
BNK-0000674,2026-07-06,M016-27556a37,89935,USD,CREDIT,BANK,2026-07-06 01:12:53
BNK-0000675,2026-07-06,M011-bb2b9b7c,170310,USD,CREDIT,BANK,2026-07-06 22:52:47
BNK-0000676,2026-07-06,M019-90482a0f,73722,GBP,CREDIT,BANK,2026-07-06 07:59:26
BNK-0000677,2026-07-06,M018-88f657eb,267701,USD,CREDIT,BANK,2026-07-06 06:45:33
BNK-0000678,2026-07-06,M001-03ff9e25,140039,GBP,CREDIT,BANK,2026-07-06 22:11:55
BNK-0000679,2026-07-06,M005-c028716e,138709,GBP,CREDIT,BANK,2026-07-06 06:57:58
BNK-0000680,2026-07-06,M011-cf68f5a8,385511,EUR,CREDIT,BANK,2026-07-06 09:01:49
BNK-0000681,2026-07-06,M017-0e9d6be1,349605,EUR,CREDIT,BANK,2026-07-06 02:42:02
BNK-0000682,2026-07-06,M009-19d48dbe,432161,JPY,CREDIT,BANK,2026-07-06 08:56:11
BNK-0000683,2026-07-06,M018-3208d327,357228,GBP,CREDIT,BANK,2026-07-06 23:57:56
BNK-0000684,2026-07-06,M007-2127a74a,437764,GBP,CREDIT,BANK,2026-07-06 04:04:48
BNK-0000685,2026-07-06,M015-7f2013e4,70808,EUR,CREDIT,BANK,2026-07-06 01:55:53
BNK-0000686,2026-07-06,M005-1c899da3,393092,GBP,CREDIT,BANK,2026-07-06 05:06:35
BNK-0000687,2026-07-06,M019-bb23f8ca,151368,USD,CREDIT,BANK,2026-07-06 19:07:05
BNK-0000688,2026-07-06,M018-853074b0,148026,JPY,CREDIT,BANK,2026-07-06 02:30:15
BNK-0000689,2026-07-06,M018-f27608f4,151203,GBP,CREDIT,BANK,2026-07-06 03:55:28
BNK-0000690,2026-07-06,M017-4331f793,484272,GBP,CREDIT,BANK,2026-07-06 05:11:49
BNK-0000691,2026-07-06,M003-b7413d49,24509,JPY,CREDIT,BANK,2026-07-06 23:29:44
BNK-0000692,2026-07-06,M008-c51a6f88,249962,JPY,CREDIT,BANK,2026-07-06 02:08:00
BNK-0000693,2026-07-06,M007-461ee001,2991,JPY,CREDIT,BANK,2026-07-06 22:47:54
BNK-0000694,2026-07-06,M004-9b6f9e79,215375,GBP,CREDIT,BANK,2026-07-06 00:36:24
BNK-0000695,2026-07-06,M017-9c3a4fde,83935,GBP,CREDIT,BANK,2026-07-06 21:43:45
BNK-0000696,2026-07-06,M015-b5b4016a,468907,JPY,CREDIT,BANK,2026-07-06 00:44:02
BNK-0000697,2026-07-06,M006-d77a0a80,258579,JPY,CREDIT,BANK,2026-07-06 21:12:36
BNK-0000698,2026-07-06,M007-7c400712,471884,GBP,CREDIT,BANK,2026-07-06 00:05:16
BNK-0000699,2026-07-06,M014-27557721,324400,EUR,CREDIT,BANK,2026-07-06 00:28:19
BNK-0000700,2026-07-06,M003-12942542,98949,EUR,CREDIT,BANK,2026-07-06 18:09:52
BNK-0000701,2026-07-06,M010-9a11346c,443479,USD,CREDIT,BANK,2026-07-06 05:28:16
BNK-0000702,2026-07-06,M007-1e850681,81392,USD,CREDIT,BANK,2026-07-06 02:52:05
BNK-0000703,2026-07-06,M012-b4def16f,5210,JPY,CREDIT,BANK,2026-07-06 01:43:14
BNK-0000704,2026-07-06,M011-96e74263,15511,JPY,CREDIT,BANK,2026-07-06 14:49:17
BNK-0000705,2026-07-06,M013-f2b305c9,88153,JPY,CREDIT,BANK,2026-07-06 01:53:57
BNK-0000706,2026-07-06,M018-46288f9c,425531,EUR,CREDIT,BANK,2026-07-06 11:43:40
BNK-0000707,2026-07-06,M003-0a29d223,406544,GBP,CREDIT,BANK,2026-07-06 06:59:33
BNK-0000708,2026-07-06,M018-457d4b5c,276480,GBP,CREDIT,BANK,2026-07-06 06:21:07
BNK-0000709,2026-07-06,M001-034539a7,219691,USD,CREDIT,BANK,2026-07-06 22:07:03
BNK-0000710,2026-07-06,M007-fb15220c,21569,JPY,CREDIT,BANK,2026-07-06 03:48:20
BNK-0000711,2026-07-08,M018-0e8d9c1c,489551,GBP,CREDIT,BANK,2026-07-08 01:28:59
BNK-0000712,2026-07-06,M005-8c0c1677,209468,USD,CREDIT,BANK,2026-07-06 23:01:19
BNK-0000713,2026-07-06,M010-023b2e01,487369,GBP,CREDIT,BANK,2026-07-06 13:12:57
BNK-0000714,2026-07-06,M011-20cd5b68,78517,GBP,CREDIT,BANK,2026-07-06 05:13:37
BNK-0000715,2026-07-06,M011-e37285fb,496511,JPY,CREDIT,BANK,2026-07-06 23:48:27
BNK-0000716,2026-07-06,M016-0961ca8d,258369,JPY,CREDIT,BANK,2026-07-06 02:01:14
BNK-0000717,2026-07-06,M005-4b6fada1,220161,GBP,CREDIT,BANK,2026-07-06 04:42:32
BNK-0000718,2026-07-06,M005-25c4db18,348854,JPY,CREDIT,BANK,2026-07-06 07:10:16
BNK-0000719,2026-07-06,M007-03fda0bd,334130,EUR,CREDIT,BANK,2026-07-06 19:42:41
BNK-0000720,2026-07-06,M011-57afbf3d,460995,EUR,CREDIT,BANK,2026-07-06 09:42:11
BNK-0000721,2026-07-06,M001-cf23b51d,61016,JPY,CREDIT,BANK,2026-07-06 16:25:18
BNK-0000722,2026-07-06,M016-8aaa0729,92807,GBP,CREDIT,BANK,2026-07-06 05:11:51
BNK-0000723,2026-07-06,M011-71fd653e,102678,USD,CREDIT,BANK,2026-07-06 00:43:39
BNK-0000724,2026-07-06,M019-42f04e68,49483,EUR,CREDIT,BANK,2026-07-06 19:59:41
BNK-0000725,2026-07-06,M010-61a01f34,312042,JPY,CREDIT,BANK,2026-07-06 04:14:06
BNK-0000727,2026-07-06,M002-b7429ef3,391233,EUR,CREDIT,BANK,2026-07-06 15:43:01
BNK-0000728,2026-07-06,M015-d8ed7ba1,178785,GBP,CREDIT,BANK,2026-07-06 21:16:23
BNK-0000729,2026-07-06,M010-584ae2a4,105771,EUR,CREDIT,BANK,2026-07-06 14:00:55
BNK-0000730,2026-07-06,M005-c49312ce,143896,JPY,CREDIT,BANK,2026-07-06 14:31:24
BNK-0000731,2026-07-06,M008-7f0f1f2c,274506,GBP,CREDIT,BANK,2026-07-06 02:18:05
BNK-0000732,2026-07-06,M017-4d343a8d,282536,GBP,CREDIT,BANK,2026-07-06 10:49:20
BNK-0000733,2026-07-06,M013-1a1aac90,274804,USD,CREDIT,BANK,2026-07-06 19:53:34
BNK-0000734,2026-07-06,M017-9ccf4a73,200179,JPY,CREDIT,BANK,2026-07-06 19:48:04
BNK-0000735,2026-07-06,M014-296ea027,140223,USD,CREDIT,BANK,2026-07-06 12:11:54
BNK-0000736,2026-07-06,M005-48aa482d,119629,EUR,CREDIT,BANK,2026-07-06 08:43:05
BNK-0000737,2026-07-06,M016-b07f0f5e,491549,GBP,CREDIT,BANK,2026-07-06 00:47:01
BNK-0000738,2026-07-06,M016-e6a198c9,58279,GBP,CREDIT,BANK,2026-07-06 13:56:43
BNK-0000739,2026-07-06,M003-5c4b7c5e,195595,USD,CREDIT,BANK,2026-07-06 21:09:25
BNK-0000740,2026-07-06,M019-03d9f44d,355546,USD,CREDIT,BANK,2026-07-06 21:42:01
BNK-0000741,2026-07-06,M015-4f409454,220678,USD,CREDIT,BANK,2026-07-06 17:58:37
BNK-0000742,2026-07-06,M002-9039aa09,388177,USD,CREDIT,BANK,2026-07-06 13:50:23
BNK-0000743,2026-07-06,M020-a7cb76de,192156,GBP,CREDIT,BANK,2026-07-06 06:05:54
BNK-0000744,2026-07-06,M005-c8dbb4c5,115846,JPY,CREDIT,BANK,2026-07-06 02:17:06
BNK-0000745,2026-07-06,M012-9e90b0af,81740,USD,CREDIT,BANK,2026-07-06 16:40:02
BNK-0000746,2026-07-06,M005-5dfafffa,395654,JPY,CREDIT,BANK,2026-07-06 16:32:37
BNK-0000747,2026-07-06,M007-03cbd192,357081,JPY,CREDIT,BANK,2026-07-06 17:15:56
BNK-0000748,2026-07-06,M019-1ed3646f,189781,EUR,CREDIT,BANK,2026-07-06 05:06:05
BNK-0000749,2026-07-06,M012-df7571ca,422001,JPY,CREDIT,BANK,2026-07-06 05:33:30
BNK-0000750,2026-07-06,M007-38709027,439132,GBP,CREDIT,BANK,2026-07-06 00:33:02
BNK-0000751,2026-07-06,M013-e7bd9ba4,204606,JPY,CREDIT,BANK,2026-07-06 02:09:20
BNK-0000752,2026-07-06,M002-94cf783e,42019,EUR,CREDIT,BANK,2026-07-06 05:05:26
BNK-0000753,2026-07-06,M006-8511a8b6,397275,USD,CREDIT,BANK,2026-07-06 06:17:23
BNK-0000754,2026-07-06,M013-2dd0ddb7,16802,EUR,CREDIT,BANK,2026-07-06 20:30:58
BNK-0000755,2026-07-07,M020-5d4f6968,5379,EUR,CREDIT,BANK,2026-07-07 02:33:00
BNK-0000756,2026-07-06,M010-5e92b2ab,166453,GBP,CREDIT,BANK,2026-07-06 10:17:45
BNK-0000757,2026-07-06,M018-df341aa2,152902,EUR,CREDIT,BANK,2026-07-06 21:31:41
BNK-0000758,2026-07-06,M005-d12b1eaf,84312,USD,CREDIT,BANK,2026-07-06 10:21:45
BNK-0000759,2026-07-06,M010-bbadc62b,295386,JPY,CREDIT,BANK,2026-07-06 03:51:39
BNK-0000760,2026-07-06,M007-373f677f,115769,JPY,CREDIT,BANK,2026-07-06 02:13:43
BNK-0000761,2026-07-06,M010-ce6ef2c6,468266,GBP,CREDIT,BANK,2026-07-06 07:31:54
BNK-0000762,2026-07-06,M010-6cf8f891,303765,JPY,CREDIT,BANK,2026-07-06 18:40:02
BNK-0000763,2026-07-06,M008-2233fed3,456407,JPY,CREDIT,BANK,2026-07-06 08:19:12
BNK-0000764,2026-07-06,M011-2e38e107,281493,EUR,CREDIT,BANK,2026-07-06 06:48:00
BNK-0000765,2026-07-06,M015-3612a5c7,47535,EUR,CREDIT,BANK,2026-07-06 14:58:37
BNK-0000766,2026-07-06,M004-aeae08b2,449150,EUR,CREDIT,BANK,2026-07-06 18:17:10
BNK-0000767,2026-07-06,M001-5e53a224,444044,EUR,CREDIT,BANK,2026-07-06 21:46:59
BNK-0000768,2026-07-06,M016-3ad1f4c1,314823,EUR,CREDIT,BANK,2026-07-06 07:10:33
BNK-0000769,2026-07-06,M002-4596b72d,107283,GBP,CREDIT,BANK,2026-07-06 20:48:07
BNK-0000770,2026-07-06,M012-d8192419,152782,GBP,CREDIT,BANK,2026-07-06 21:31:15
BNK-0000771,2026-07-06,M014-93c3e0c5,168992,USD,CREDIT,BANK,2026-07-06 09:43:18
BNK-0000772,2026-07-06,M004-3acd6d05,35457,JPY,CREDIT,BANK,2026-07-06 08:43:54
BNK-0000773,2026-07-06,M020-a1091484,467872,GBP,CREDIT,BANK,2026-07-06 05:28:22
BNK-0000774,2026-07-06,M004-298dfe19,88574,GBP,CREDIT,BANK,2026-07-06 21:14:45
BNK-0000775,2026-07-06,M016-171d34b5,463526,GBP,CREDIT,BANK,2026-07-06 03:54:20
BNK-0000776,2026-07-06,M013-3213b6e3,234364,USD,CREDIT,BANK,2026-07-06 15:29:48
BNK-0000777,2026-07-06,M010-d2bd4b25,358907,JPY,CREDIT,BANK,2026-07-06 00:20:37
BNK-0000778,2026-07-06,M005-a16d3466,285340,JPY,CREDIT,BANK,2026-07-06 03:47:01
BNK-0000779,2026-07-06,M017-fc7ac1fd,322915,JPY,CREDIT,BANK,2026-07-06 20:59:08
BNK-0000780,2026-07-06,M004-cef1d2ca,374029,JPY,CREDIT,BANK,2026-07-06 14:44:02
BNK-0000781,2026-07-06,M011-ab6a14f4,40398,EUR,CREDIT,BANK,2026-07-06 21:03:24
BNK-0000782,2026-07-06,M002-d5930a2b,398105,USD,CREDIT,BANK,2026-07-06 16:54:59
BNK-0000783,2026-07-06,M011-5e854b0b,364460,GBP,CREDIT,BANK,2026-07-06 20:09:42
BNK-0000784,2026-07-06,M015-daded451,277507,USD,CREDIT,BANK,2026-07-06 06:50:29
BNK-0000785,2026-07-06,M005-2b8ea8d4,385876,GBP,CREDIT,BANK,2026-07-06 07:39:30
BNK-0000786,2026-07-06,M007-55901fc2,273160,JPY,CREDIT,BANK,2026-07-06 00:55:03
BNK-0000787,2026-07-06,M001-434cbf26,290690,EUR,CREDIT,BANK,2026-07-06 21:17:52
BNK-0000788,2026-07-06,M016-93830dcc,145828,JPY,CREDIT,BANK,2026-07-06 14:41:30
BNK-0000789,2026-07-07,M015-20a9642c,51905,JPY,CREDIT,BANK,2026-07-07 18:10:32
BNK-0000790,2026-07-06,M008-140968ec,113234,JPY,CREDIT,BANK,2026-07-06 20:52:50
BNK-0000791,2026-07-06,M019-be7d8515,149584,EUR,CREDIT,BANK,2026-07-06 18:22:58
BNK-0000792,2026-07-06,M019-f1b35428,121679,USD,CREDIT,BANK,2026-07-06 17:00:55
BNK-0000793,2026-07-06,M004-6a1a62bc,214886,EUR,CREDIT,BANK,2026-07-06 13:30:49
BNK-0000794,2026-07-06,M019-5caee3af,479024,EUR,CREDIT,BANK,2026-07-06 02:12:34
BNK-0000795,2026-07-06,M010-8cfdd2a5,98071,JPY,CREDIT,BANK,2026-07-06 07:50:49
BNK-0000796,2026-07-06,M015-070ce909,232481,JPY,CREDIT,BANK,2026-07-06 17:51:43
BNK-0000797,2026-07-06,M018-4438ce9e,28353,JPY,CREDIT,BANK,2026-07-06 01:57:40
BNK-0000798,2026-07-07,M003-7090bfb3,222100,USD,CREDIT,BANK,2026-07-07 07:19:32
BNK-0000799,2026-07-06,M020-2ec3f826,284022,GBP,CREDIT,BANK,2026-07-06 07:13:33
BNK-0000800,2026-07-06,M010-31436da8,394957,JPY,CREDIT,BANK,2026-07-06 18:05:04
BNK-0000801,2026-07-06,M018-b7ea5ebb,205053,JPY,CREDIT,BANK,2026-07-06 06:51:55
BNK-0000802,2026-07-06,M006-8b5ca627,284431,JPY,CREDIT,BANK,2026-07-06 23:12:56
BNK-0000803,2026-07-06,M019-4219d7ab,324324,JPY,CREDIT,BANK,2026-07-06 13:59:06
BNK-0000804,2026-07-06,M004-0dd91b6b,201879,USD,CREDIT,BANK,2026-07-06 16:05:29
BNK-0000805,2026-07-06,M015-0fc8db9c,421453,JPY,CREDIT,BANK,2026-07-06 05:47:22
BNK-0000806,2026-07-06,M004-fee9030f,7139,EUR,CREDIT,BANK,2026-07-06 06:46:04
BNK-0000807,2026-07-06,M002-1797d293,168795,JPY,CREDIT,BANK,2026-07-06 10:56:30
BNK-0000808,2026-07-07,M008-88f501ed,436617,EUR,CREDIT,BANK,2026-07-07 22:25:15
BNK-0000809,2026-07-06,M018-ff52e005,184677,USD,CREDIT,BANK,2026-07-06 11:04:47
BNK-0000810,2026-07-06,M015-eda40551,438346,EUR,CREDIT,BANK,2026-07-06 02:35:15
BNK-0000811,2026-07-06,M004-5c537de3,392349,USD,CREDIT,BANK,2026-07-06 13:26:19
BNK-0000812,2026-07-06,M005-483e76e3,174410,GBP,CREDIT,BANK,2026-07-06 23:10:41
BNK-0000813,2026-07-06,M003-3248d1c7,116000,EUR,CREDIT,BANK,2026-07-06 11:32:12
BNK-0000814,2026-07-06,M002-3ebc149d,368951,JPY,CREDIT,BANK,2026-07-06 19:53:13
BNK-0000815,2026-07-06,M016-98d669d7,257171,EUR,CREDIT,BANK,2026-07-06 03:50:44
BNK-0000816,2026-07-06,M009-7ab95e0e,187945,JPY,CREDIT,BANK,2026-07-06 17:09:21
BNK-0000817,2026-07-06,M018-c72cdba5,358164,EUR,CREDIT,BANK,2026-07-06 22:28:21
BNK-0000818,2026-07-06,M015-874de49e,317270,USD,CREDIT,BANK,2026-07-06 07:29:31
BNK-0000819,2026-07-06,M004-1a4bdacc,273939,GBP,CREDIT,BANK,2026-07-06 23:26:46
BNK-0000820,2026-07-06,M011-0eef6024,234581,GBP,CREDIT,BANK,2026-07-06 15:32:53
BNK-0000821,2026-07-06,M018-da6ddadb,383743,USD,CREDIT,BANK,2026-07-06 01:35:02
BNK-0000822,2026-07-06,M015-bf7de377,392807,USD,CREDIT,BANK,2026-07-06 16:22:34
BNK-0000823,2026-07-06,M010-10779955,312486,GBP,CREDIT,BANK,2026-07-06 05:04:28
BNK-0000824,2026-07-06,M006-bc29b54d,440651,EUR,CREDIT,BANK,2026-07-06 21:16:44
BNK-0000825,2026-07-07,M010-405f676c,403435,EUR,CREDIT,BANK,2026-07-07 08:09:58
BNK-0000826,2026-07-06,M011-bf675fe4,56165,JPY,CREDIT,BANK,2026-07-06 15:12:11
BNK-0000827,2026-07-06,M001-6dc8cff6,226179,USD,CREDIT,BANK,2026-07-06 23:26:41
BNK-0000828,2026-07-06,M004-dbc742d8,192413,GBP,CREDIT,BANK,2026-07-06 02:06:19
BNK-0000829,2026-07-06,M008-4cb707ed,27710,EUR,CREDIT,BANK,2026-07-06 10:59:00
BNK-0000830,2026-07-06,M006-de164aeb,345045,EUR,CREDIT,BANK,2026-07-06 06:34:07
BNK-0000831,2026-07-06,M009-dd404b77,85570,JPY,CREDIT,BANK,2026-07-06 07:53:24
BNK-0000832,2026-07-06,M018-05ddda35,407810,JPY,CREDIT,BANK,2026-07-06 22:49:41
BNK-0000833,2026-07-06,M007-4d598703,145740,GBP,CREDIT,BANK,2026-07-06 22:33:56
BNK-0000834,2026-07-06,M009-fad4f932,90828,GBP,CREDIT,BANK,2026-07-06 16:57:19
BNK-0000835,2026-07-06,M018-7d2b7e19,142397,JPY,CREDIT,BANK,2026-07-06 12:12:49
BNK-0000836,2026-07-06,M004-d4f9ad33,62425,USD,CREDIT,BANK,2026-07-06 23:45:09
BNK-0000837,2026-07-06,M020-9d5f3dbb,434006,JPY,CREDIT,BANK,2026-07-06 15:17:13
BNK-0000838,2026-07-06,M019-d70d65a4,323839,JPY,CREDIT,BANK,2026-07-06 02:16:15
BNK-0000839,2026-07-06,M018-1d47c561,463328,EUR,CREDIT,BANK,2026-07-06 21:28:20
BNK-0000840,2026-07-06,M012-b9b9f8f9,309491,JPY,CREDIT,BANK,2026-07-06 05:56:03
BNK-0000841,2026-07-06,M012-a1031a82,48781,USD,CREDIT,BANK,2026-07-06 01:24:36
BNK-0000842,2026-07-06,M014-9e201ebb,436742,JPY,CREDIT,BANK,2026-07-06 15:00:14
BNK-0000843,2026-07-06,M019-6ceadae8,144049,USD,CREDIT,BANK,2026-07-06 12:05:32
BNK-0000844,2026-07-06,M009-2d9a03e9,137276,GBP,CREDIT,BANK,2026-07-06 13:54:05
BNK-0000845,2026-07-06,M009-9993a538,273210,JPY,CREDIT,BANK,2026-07-06 20:56:30
BNK-0000846,2026-07-06,M019-b0005d06,165045,JPY,CREDIT,BANK,2026-07-06 15:44:58
BNK-0000847,2026-07-06,M020-6fe51fb2,283283,USD,CREDIT,BANK,2026-07-06 12:24:31
BNK-0000848,2026-07-06,M014-ae6aa0c3,88330,USD,CREDIT,BANK,2026-07-06 17:01:25
BNK-0000849,2026-07-06,M007-c4daabd6,171808,GBP,CREDIT,BANK,2026-07-06 22:41:28
BNK-0000851,2026-07-08,M018-c0fb3564,405637,JPY,CREDIT,BANK,2026-07-08 09:05:36
BNK-0000852,2026-07-06,M002-237e90d9,286204,USD,CREDIT,BANK,2026-07-06 16:57:09
BNK-0000853,2026-07-06,M004-b7b1e38c,73064,GBP,CREDIT,BANK,2026-07-06 17:25:23
BNK-0000854,2026-07-06,M014-7fa276a0,227187,GBP,CREDIT,BANK,2026-07-06 15:09:11
BNK-0000855,2026-07-06,M020-378bdc25,469034,EUR,CREDIT,BANK,2026-07-06 09:38:40
BNK-0000856,2026-07-06,M007-0990dafd,423815,USD,CREDIT,BANK,2026-07-06 06:21:40
BNK-0000857,2026-07-06,M003-2fbff79b,241266,GBP,CREDIT,BANK,2026-07-06 08:13:58
BNK-0000858,2026-07-07,M008-dd5d48f2,155696,GBP,CREDIT,BANK,2026-07-07 06:03:10
BNK-0000859,2026-07-06,M008-f1d02141,20245,USD,CREDIT,BANK,2026-07-06 10:52:41
BNK-0000860,2026-07-06,M019-e8a4ca2a,370434,GBP,CREDIT,BANK,2026-07-06 12:52:05
BNK-0000861,2026-07-08,M014-8c5026c7,210074,USD,CREDIT,BANK,2026-07-08 13:12:18
BNK-0000862,2026-07-06,M013-15c85171,180124,JPY,CREDIT,BANK,2026-07-06 19:06:03
BNK-0000863,2026-07-06,M008-b25a98f4,324709,JPY,CREDIT,BANK,2026-07-06 14:32:13
BNK-0000864,2026-07-06,M004-6acbdfd3,200974,GBP,CREDIT,BANK,2026-07-06 17:42:16
BNK-0000865,2026-07-06,M010-686239a5,488447,GBP,CREDIT,BANK,2026-07-06 13:06:48
BNK-0000866,2026-07-06,M015-4b7b4b97,272937,JPY,CREDIT,BANK,2026-07-06 04:41:55
BNK-0000867,2026-07-06,M014-66f327f0,488940,USD,CREDIT,BANK,2026-07-06 04:47:39
BNK-0000868,2026-07-06,M013-5b721d9d,144941,JPY,CREDIT,BANK,2026-07-06 14:43:26
BNK-0000869,2026-07-06,M005-716e32aa,362691,JPY,CREDIT,BANK,2026-07-06 08:34:41
BNK-0000870,2026-07-06,M014-b9d5399e,388533,GBP,CREDIT,BANK,2026-07-06 01:13:49
BNK-0000871,2026-07-06,M015-94929cc7,309708,JPY,CREDIT,BANK,2026-07-06 16:57:19
BNK-0000872,2026-07-06,M009-1ad0c41f,330582,JPY,CREDIT,BANK,2026-07-06 16:19:39
BNK-0000873,2026-07-06,M001-c574eb63,49882,GBP,CREDIT,BANK,2026-07-06 17:41:30
BNK-0000874,2026-07-06,M011-436e6f7d,340873,USD,CREDIT,BANK,2026-07-06 09:24:37
BNK-0000875,2026-07-06,M013-e695973c,305822,JPY,CREDIT,BANK,2026-07-06 16:55:21
BNK-0000876,2026-07-06,M009-cdaec774,202138,JPY,CREDIT,BANK,2026-07-06 14:04:32
BNK-0000877,2026-07-06,M008-5b82cac2,249986,USD,CREDIT,BANK,2026-07-06 07:22:17
BNK-0000878,2026-07-06,M020-4debdabe,423289,GBP,CREDIT,BANK,2026-07-06 11:08:30
BNK-0000879,2026-07-06,M014-30fc952f,295163,JPY,CREDIT,BANK,2026-07-06 02:29:01
BNK-0000880,2026-07-06,M020-70cbcea7,409437,JPY,CREDIT,BANK,2026-07-06 05:00:19
BNK-0000881,2026-07-06,M011-de049ac8,146533,USD,CREDIT,BANK,2026-07-06 20:56:25
BNK-0000882,2026-07-06,M011-5c912396,56967,USD,CREDIT,BANK,2026-07-06 15:37:01
BNK-0000883,2026-07-06,M020-c2ea7b9b,72857,EUR,CREDIT,BANK,2026-07-06 19:11:20
BNK-0000884,2026-07-06,M007-c15ea400,458385,GBP,CREDIT,BANK,2026-07-06 13:17:19
BNK-0000885,2026-07-06,M005-baa0423f,438663,USD,CREDIT,BANK,2026-07-06 01:51:55
BNK-0000886,2026-07-06,M003-717c0978,413000,JPY,CREDIT,BANK,2026-07-06 00:46:02
BNK-0000887,2026-07-06,M010-c902bd41,317765,JPY,CREDIT,BANK,2026-07-06 03:56:39
BNK-0000888,2026-07-06,M006-2729899a,28926,GBP,CREDIT,BANK,2026-07-06 15:37:16
BNK-0000889,2026-07-06,M019-06c86e08,57319,JPY,CREDIT,BANK,2026-07-06 23:36:49
BNK-0000890,2026-07-06,M008-3edb9d1c,442967,USD,CREDIT,BANK,2026-07-06 01:46:53
BNK-0000891,2026-07-08,M020-f97e0327,139326,JPY,CREDIT,BANK,2026-07-08 17:18:36
BNK-0000892,2026-07-06,M002-add52a45,312443,USD,CREDIT,BANK,2026-07-06 17:05:12
BNK-0000894,2026-07-06,M013-c785db14,114982,USD,CREDIT,BANK,2026-07-06 15:33:10
BNK-0000895,2026-07-06,M008-224b045a,133431,EUR,CREDIT,BANK,2026-07-06 09:47:18
BNK-0000896,2026-07-06,M010-777d74d7,67970,GBP,CREDIT,BANK,2026-07-06 23:27:41
BNK-0000897,2026-07-06,M006-87389f50,194885,GBP,CREDIT,BANK,2026-07-06 19:29:55
BNK-0000898,2026-07-06,M002-4f50bb22,455351,EUR,CREDIT,BANK,2026-07-06 06:56:38
BNK-0000899,2026-07-06,M005-f9f46e3a,153584,EUR,CREDIT,BANK,2026-07-06 21:43:45
BNK-0000900,2026-07-06,M015-7f02df7c,436176,GBP,CREDIT,BANK,2026-07-06 08:12:00
BNK-0000901,2026-07-06,M005-d5d80a4b,441015,USD,CREDIT,BANK,2026-07-06 18:42:36
BNK-0000902,2026-07-06,M009-6de535be,35398,JPY,CREDIT,BANK,2026-07-06 15:37:08
BNK-0000903,2026-07-07,M004-620cc4f2,186463,GBP,CREDIT,BANK,2026-07-07 04:08:22
BNK-0000904,2026-07-06,M010-836465e7,93210,JPY,CREDIT,BANK,2026-07-06 08:38:56
BNK-0000905,2026-07-07,M011-224fa5fa,429382,USD,CREDIT,BANK,2026-07-07 18:19:41
BNK-0000906,2026-07-06,M015-c463f468,289648,GBP,CREDIT,BANK,2026-07-06 01:22:09
BNK-0000907,2026-07-06,M019-03f8c451,487056,GBP,CREDIT,BANK,2026-07-06 09:41:59
BNK-0000908,2026-07-06,M001-13102c16,475766,USD,CREDIT,BANK,2026-07-06 05:52:30
BNK-0000909,2026-07-06,M008-4266ee83,396342,GBP,CREDIT,BANK,2026-07-06 17:49:40
BNK-0000910,2026-07-06,M007-d0d3ce17,226113,JPY,CREDIT,BANK,2026-07-06 11:06:26
BNK-0000911,2026-07-06,M009-4056e69f,6732,JPY,CREDIT,BANK,2026-07-06 17:07:48
BNK-0000912,2026-07-06,M019-5c495a31,487120,GBP,CREDIT,BANK,2026-07-06 04:49:57
BNK-0000913,2026-07-06,M018-a8b1b917,399510,EUR,CREDIT,BANK,2026-07-06 07:46:32
BNK-0000914,2026-07-06,M006-6aa487d2,401516,JPY,CREDIT,BANK,2026-07-06 13:35:45
BNK-0000915,2026-07-06,M009-781ec600,289536,GBP,CREDIT,BANK,2026-07-06 10:46:47
BNK-0000916,2026-07-06,M003-91548588,31329,JPY,CREDIT,BANK,2026-07-06 22:35:21
BNK-0000917,2026-07-06,M006-4582781a,317229,JPY,CREDIT,BANK,2026-07-06 07:05:15
BNK-0000918,2026-07-06,M017-9e0dcd6f,379766,USD,CREDIT,BANK,2026-07-06 03:20:43
BNK-0000919,2026-07-06,M002-5a106df0,497502,USD,CREDIT,BANK,2026-07-06 09:52:20
BNK-0000920,2026-07-06,M003-e156bf4a,305722,EUR,CREDIT,BANK,2026-07-06 17:58:14
BNK-0000921,2026-07-06,M003-58049d34,393295,GBP,CREDIT,BANK,2026-07-06 06:57:45
BNK-0000922,2026-07-06,M007-0b8a6ee9,122789,USD,CREDIT,BANK,2026-07-06 23:52:34
BNK-0000923,2026-07-06,M008-3433295a,420933,JPY,CREDIT,BANK,2026-07-06 20:21:38
BNK-0000924,2026-07-06,M003-9d988606,294484,USD,CREDIT,BANK,2026-07-06 10:34:26
BNK-0000925,2026-07-06,M009-0f0b2101,426988,EUR,CREDIT,BANK,2026-07-06 22:03:56
BNK-0000926,2026-07-06,M012-2a149371,41590,GBP,CREDIT,BANK,2026-07-06 20:06:54
BNK-0000927,2026-07-06,M020-fae83d54,139947,GBP,CREDIT,BANK,2026-07-06 05:45:44
BNK-0000928,2026-07-06,M018-89fea7be,23696,GBP,CREDIT,BANK,2026-07-06 21:44:40
BNK-0000929,2026-07-06,M006-c9ce573d,376585,EUR,CREDIT,BANK,2026-07-06 12:21:38
BNK-0000930,2026-07-06,M005-d69f1986,252516,USD,CREDIT,BANK,2026-07-06 13:56:24
BNK-0000931,2026-07-06,M012-33520570,328029,EUR,CREDIT,BANK,2026-07-06 11:10:03
BNK-0000932,2026-07-06,M019-40885c87,236211,EUR,CREDIT,BANK,2026-07-06 08:39:58
BNK-0000933,2026-07-06,M009-3ca3304f,130747,GBP,CREDIT,BANK,2026-07-06 01:27:31
BNK-0000934,2026-07-06,M012-6884a898,128654,GBP,CREDIT,BANK,2026-07-06 21:51:06
BNK-0000935,2026-07-06,M008-ceb53036,69114,JPY,CREDIT,BANK,2026-07-06 23:57:22
BNK-0000936,2026-07-06,M018-5cce0308,226186,JPY,CREDIT,BANK,2026-07-06 09:14:15
BNK-0000937,2026-07-06,M001-cd240dc8,398104,JPY,CREDIT,BANK,2026-07-06 09:47:36
BNK-0000938,2026-07-06,M019-71b9fa2d,372690,USD,CREDIT,BANK,2026-07-06 20:55:55
BNK-0000939,2026-07-06,M007-589ddce1,87419,EUR,CREDIT,BANK,2026-07-06 23:45:42
BNK-0000940,2026-07-06,M011-feff01ba,28581,USD,CREDIT,BANK,2026-07-06 00:02:38
BNK-0000941,2026-07-06,M015-512fadb8,245604,GBP,CREDIT,BANK,2026-07-06 22:19:12
BNK-0000942,2026-07-06,M003-401c3e04,45336,JPY,CREDIT,BANK,2026-07-06 18:36:03
BNK-0000943,2026-07-06,M018-0ac13496,342553,GBP,CREDIT,BANK,2026-07-06 18:48:47
BNK-0000944,2026-07-06,M012-66567467,130924,EUR,CREDIT,BANK,2026-07-06 07:22:21
BNK-0000945,2026-07-06,M014-47f8dd65,124867,USD,CREDIT,BANK,2026-07-06 14:20:13
BNK-0000946,2026-07-06,M011-6819f69c,249164,USD,CREDIT,BANK,2026-07-06 00:54:29
BNK-0000947,2026-07-07,M019-b5546dac,275192,GBP,CREDIT,BANK,2026-07-07 09:15:52
BNK-0000948,2026-07-06,M007-f8ea6815,267806,USD,CREDIT,BANK,2026-07-06 16:32:11
BNK-0000949,2026-07-06,M012-658f71e7,136491,GBP,CREDIT,BANK,2026-07-06 22:23:19
BNK-0000950,2026-07-06,M006-e8d2d871,17985,EUR,CREDIT,BANK,2026-07-06 19:47:02
BNK-0000951,2026-07-06,M007-c8587bfe,417462,EUR,CREDIT,BANK,2026-07-06 21:45:07
BNK-0000952,2026-07-06,M016-5e667bb9,396250,GBP,CREDIT,BANK,2026-07-06 00:16:51
BNK-0000953,2026-07-06,M013-c8b7cec8,230528,JPY,CREDIT,BANK,2026-07-06 16:35:23
BNK-0000954,2026-07-06,M009-48b72cc2,136757,USD,CREDIT,BANK,2026-07-06 13:16:17
BNK-0000955,2026-07-06,M009-cc7980e4,159010,GBP,CREDIT,BANK,2026-07-06 06:51:04
BNK-0000956,2026-07-06,M010-0cf4c481,76272,USD,CREDIT,BANK,2026-07-06 14:36:43
BNK-0000957,2026-07-06,M017-ca93a089,350406,EUR,CREDIT,BANK,2026-07-06 07:20:08
BNK-0000958,2026-07-06,M008-05d89cec,368079,USD,CREDIT,BANK,2026-07-06 22:23:32
BNK-0000959,2026-07-06,M018-87363a69,409964,EUR,CREDIT,BANK,2026-07-06 16:32:01
BNK-0000960,2026-07-06,M010-b62092aa,52156,EUR,CREDIT,BANK,2026-07-06 10:56:11
BNK-0000961,2026-07-06,M015-5a912e03,311401,JPY,CREDIT,BANK,2026-07-06 01:53:09
BNK-0000962,2026-07-06,M007-62719656,91769,EUR,CREDIT,BANK,2026-07-06 05:40:56
BNK-0000963,2026-07-06,M005-5f5d4a25,36322,JPY,CREDIT,BANK,2026-07-06 17:40:03
BNK-0000964,2026-07-06,M018-09b2e45a,444354,GBP,CREDIT,BANK,2026-07-06 03:44:13
BNK-0000965,2026-07-07,M020-23b61b56,399517,EUR,CREDIT,BANK,2026-07-07 01:40:04
BNK-0000966,2026-07-06,M011-d66953fa,338247,USD,CREDIT,BANK,2026-07-06 17:21:54
BNK-0000967,2026-07-06,M011-4334337b,93149,EUR,CREDIT,BANK,2026-07-06 10:53:11
BNK-0000968,2026-07-06,M016-48dc870c,491841,EUR,CREDIT,BANK,2026-07-06 06:05:13
BNK-0000969,2026-07-06,M010-d67cc5fd,231405,USD,CREDIT,BANK,2026-07-06 18:30:40
BNK-0000970,2026-07-06,M014-c9eb74ff,225818,USD,CREDIT,BANK,2026-07-06 05:08:44
BNK-0000971,2026-07-06,M018-0645ff91,332402,JPY,CREDIT,BANK,2026-07-06 07:12:25
BNK-0000972,2026-07-06,M011-4476820f,182506,USD,CREDIT,BANK,2026-07-06 06:02:25
BNK-0000973,2026-07-06,M013-e8f16b5f,347613,EUR,CREDIT,BANK,2026-07-06 21:07:14
BNK-0000974,2026-07-06,M019-398fe37c,236484,EUR,CREDIT,BANK,2026-07-06 12:51:39
BNK-0000975,2026-07-06,M019-56e17ae7,271082,GBP,CREDIT,BANK,2026-07-06 16:24:10
BNK-0000976,2026-07-06,M020-dabf59c3,471283,JPY,CREDIT,BANK,2026-07-06 21:49:25
BNK-0000977,2026-07-06,M001-303d448d,241366,GBP,CREDIT,BANK,2026-07-06 05:09:38
BNK-0000978,2026-07-06,M009-a1267fca,211819,EUR,CREDIT,BANK,2026-07-06 04:18:23
BNK-0000979,2026-07-06,M007-a4abcce7,133297,GBP,CREDIT,BANK,2026-07-06 15:14:51
BNK-0000980,2026-07-06,M010-ca91e6ec,248266,EUR,CREDIT,BANK,2026-07-06 05:43:35
BNK-0000981,2026-07-06,M008-ad92820e,314840,EUR,CREDIT,BANK,2026-07-06 01:15:29
BNK-0000982,2026-07-06,M006-d854e2ec,84249,GBP,CREDIT,BANK,2026-07-06 19:38:15
BNK-0000983,2026-07-06,M001-64a66fb1,60014,JPY,CREDIT,BANK,2026-07-06 00:03:17
BNK-0000984,2026-07-06,M021-337fb21e,19700,USD,CREDIT,BANK,2026-07-06 09:54:27
BNK-0000985,2026-07-06,M021-ad7b5ccd,19700,USD,CREDIT,BANK,2026-07-06 05:45:43
BNK-0000986,2026-07-06,M022-ff80168e,29700,USD,CREDIT,BANK,2026-07-06 23:32:36
BNK-0000987,2026-07-06,M022-832deac3,29700,USD,CREDIT,BANK,2026-07-06 08:18:12
BNK-0000988,2026-07-06,M021-4bc436a4,39700,EUR,CREDIT,BANK,2026-07-06 04:13:50
BNK-0000989,2026-07-06,M021-189c0be4,39700,EUR,CREDIT,BANK,2026-07-06 17:59:14
BNK-0000990,2026-07-06,M022-7793d77e,49700,EUR,CREDIT,BANK,2026-07-06 18:37:59
BNK-0000991,2026-07-06,M022-96ba9319,49700,EUR,CREDIT,BANK,2026-07-06 06:40:14
BNK-0000992,2026-07-06,M023-3f49a3e2,971,USD,CREDIT,BANK,2026-07-06 00:36:38
BNK-0000993,2026-07-06,M023-80710f37,1117,USD,CREDIT,BANK,2026-07-06 07:02:18
BNK-0000994,2026-07-06,M023-27d0ccbf,1263,USD,CREDIT,BANK,2026-07-06 03:30:53
BNK-0000995,2026-07-06,M023-e52d76e5,1408,USD,CREDIT,BANK,2026-07-06 02:37:44
BNK-0000996,2026-07-06,M023-9a044216,1554,USD,CREDIT,BANK,2026-07-06 11:41:45
BNK-0000997,2026-07-06,M023-69b20104,1700,USD,CREDIT,BANK,2026-07-06 00:58:32
BNK-0000998,2026-07-06,M023-3bfea050,5560,USD,CREDIT,BANK,2026-07-06 08:49:01
BNK-0000999,2026-07-06,M023-c21d48f7,5826,USD,CREDIT,BANK,2026-07-06 10:57:59
