txn_uid,business_date,txn_ref,amount_minor,currency,side,source_system,event_ts
INT-0000000,2026-07-06,M011-123b1612,207501,EUR,DEBIT,INTERNAL,2026-07-06 23:41:59
INT-0000001,2026-07-06,M003-d1371c17,48059,EUR,DEBIT,INTERNAL,2026-07-06 20:03:46
INT-0000002,2026-07-06,M014-9536b321,283975,EUR,DEBIT,INTERNAL,2026-07-06 04:17:19
INT-0000003,2026-07-06,M016-eeb97572,407991,JPY,DEBIT,INTERNAL,2026-07-06 11:26:15
INT-0000004,2026-07-06,M017-e923d5a4,459324,JPY,DEBIT,INTERNAL,2026-07-06 12:30:20
INT-0000005,2026-07-06,M014-aabfe228,350837,USD,DEBIT,INTERNAL,2026-07-06 02:49:33
INT-0000006,2026-07-06,M003-e9cb0eb5,383838,USD,DEBIT,INTERNAL,2026-07-06 11:16:20
INT-0000007,2026-07-06,M016-47ccf25e,114903,USD,DEBIT,INTERNAL,2026-07-06 10:27:54
INT-0000008,2026-07-06,M009-8dbc7425,430038,EUR,DEBIT,INTERNAL,2026-07-06 15:40:29
INT-0000009,2026-07-06,M008-58904dba,254760,USD,DEBIT,INTERNAL,2026-07-06 21:26:57
INT-0000010,2026-07-06,M017-cccc3fc1,239912,USD,DEBIT,INTERNAL,2026-07-06 20:21:44
INT-0000011,2026-07-06,M007-a13043b0,85593,JPY,DEBIT,INTERNAL,2026-07-06 04:00:08
INT-0000012,2026-07-06,M007-8bbf33fe,78383,JPY,DEBIT,INTERNAL,2026-07-06 23:05:53
INT-0000013,2026-07-06,M010-a8f506b4,76059,USD,DEBIT,INTERNAL,2026-07-06 03:43:13
INT-0000014,2026-07-06,M001-8b5b7a76,337573,GBP,DEBIT,INTERNAL,2026-07-06 03:18:48
INT-0000015,2026-07-06,M013-fb008f86,105314,EUR,DEBIT,INTERNAL,2026-07-06 18:50:47
INT-0000016,2026-07-06,M012-b2737f6a,424421,JPY,DEBIT,INTERNAL,2026-07-06 12:43:32
INT-0000017,2026-07-06,M020-b23c6f5d,251882,USD,DEBIT,INTERNAL,2026-07-06 23:46:27
INT-0000018,2026-07-06,M011-ec255404,420362,USD,DEBIT,INTERNAL,2026-07-06 14:24:43
INT-0000019,2026-07-06,M015-fb440034,321140,EUR,DEBIT,INTERNAL,2026-07-06 21:41:41
INT-0000020,2026-07-06,M007-697a8d41,15176,EUR,DEBIT,INTERNAL,2026-07-06 09:10:08
INT-0000021,2026-07-06,M012-d440e504,347827,JPY,DEBIT,INTERNAL,2026-07-06 21:14:20
INT-0000022,2026-07-06,M016-af317681,292253,USD,DEBIT,INTERNAL,2026-07-06 02:14:54
INT-0000023,2026-07-06,M017-2ea68ef7,295007,JPY,DEBIT,INTERNAL,2026-07-06 01:00:52
INT-0000024,2026-07-06,M009-4d3cea27,440901,EUR,DEBIT,INTERNAL,2026-07-06 16:17:38
INT-0000025,2026-07-06,M007-4b484e73,411508,GBP,DEBIT,INTERNAL,2026-07-06 04:27:16
INT-0000026,2026-07-06,M016-5dcad6ba,350636,EUR,DEBIT,INTERNAL,2026-07-06 08:08:42
INT-0000027,2026-07-06,M001-e0ca9237,290981,GBP,DEBIT,INTERNAL,2026-07-06 16:41:58
INT-0000028,2026-07-06,M004-1584d8c4,139732,USD,DEBIT,INTERNAL,2026-07-06 09:54:01
INT-0000029,2026-07-06,M017-2815d280,367720,JPY,DEBIT,INTERNAL,2026-07-06 11:54:26
INT-0000030,2026-07-06,M009-283e0ad8,319360,USD,DEBIT,INTERNAL,2026-07-06 08:05:51
INT-0000031,2026-07-06,M002-58156996,492348,EUR,DEBIT,INTERNAL,2026-07-06 03:59:06
INT-0000032,2026-07-06,M017-081006f7,142331,EUR,DEBIT,INTERNAL,2026-07-06 12:38:02
INT-0000033,2026-07-06,M004-c967a64c,344700,JPY,DEBIT,INTERNAL,2026-07-06 18:01:20
INT-0000034,2026-07-06,M002-8d512c97,7973,EUR,DEBIT,INTERNAL,2026-07-06 02:34:29
INT-0000035,2026-07-06,M002-8e08baa7,97677,JPY,DEBIT,INTERNAL,2026-07-06 05:44:08
INT-0000036,2026-07-06,M012-c2f86702,1060,EUR,DEBIT,INTERNAL,2026-07-06 12:12:32
INT-0000037,2026-07-06,M003-1c099724,209958,EUR,DEBIT,INTERNAL,2026-07-06 21:21:53
INT-0000038,2026-07-06,M020-f4941d40,401219,JPY,DEBIT,INTERNAL,2026-07-06 11:52:27
INT-0000039,2026-07-06,M019-14b3ce10,45112,EUR,DEBIT,INTERNAL,2026-07-06 01:08:04
INT-0000040,2026-07-06,M008-e222f828,138803,JPY,DEBIT,INTERNAL,2026-07-06 00:07:14
INT-0000041,2026-07-06,M007-efc2f916,388383,EUR,DEBIT,INTERNAL,2026-07-06 23:39:47
INT-0000042,2026-07-06,M005-940f1f83,133637,GBP,DEBIT,INTERNAL,2026-07-06 23:43:17
INT-0000043,2026-07-06,M016-9eee3692,372152,GBP,DEBIT,INTERNAL,2026-07-06 18:48:23
INT-0000044,2026-07-06,M001-e8c66224,241132,GBP,DEBIT,INTERNAL,2026-07-06 02:47:02
INT-0000045,2026-07-06,M009-83b7ffc0,70023,GBP,DEBIT,INTERNAL,2026-07-06 21:58:04
INT-0000046,2026-07-06,M016-4dbca3a0,213056,JPY,DEBIT,INTERNAL,2026-07-06 10:59:37
INT-0000047,2026-07-06,M011-098b2cc2,63436,JPY,DEBIT,INTERNAL,2026-07-06 07:07:36
INT-0000048,2026-07-06,M014-8319478d,448375,GBP,DEBIT,INTERNAL,2026-07-06 01:45:26
INT-0000049,2026-07-06,M007-0c621de4,412140,GBP,DEBIT,INTERNAL,2026-07-06 15:34:25
INT-0000050,2026-07-06,M010-45fda998,26178,JPY,DEBIT,INTERNAL,2026-07-06 20:01:43
INT-0000051,2026-07-06,M009-9fc35526,344430,JPY,DEBIT,INTERNAL,2026-07-06 08:41:22
INT-0000052,2026-07-06,M016-ed46725a,237995,EUR,DEBIT,INTERNAL,2026-07-06 12:07:05
INT-0000053,2026-07-06,M011-60dcd6c8,193598,EUR,DEBIT,INTERNAL,2026-07-06 09:24:23
INT-0000054,2026-07-06,M002-b46287cc,145998,JPY,DEBIT,INTERNAL,2026-07-06 20:54:32
INT-0000055,2026-07-06,M014-41dff02c,445454,GBP,DEBIT,INTERNAL,2026-07-06 00:47:38
INT-0000056,2026-07-06,M017-37443e21,235879,JPY,DEBIT,INTERNAL,2026-07-06 09:02:46
INT-0000057,2026-07-06,M019-48d33296,338930,USD,DEBIT,INTERNAL,2026-07-06 11:03:37
INT-0000058,2026-07-06,M008-9e8a7f77,5984,USD,DEBIT,INTERNAL,2026-07-06 19:34:08
INT-0000059,2026-07-06,M002-d287db7f,102272,USD,DEBIT,INTERNAL,2026-07-06 18:08:34
INT-0000060,2026-07-06,M012-926f6967,104350,JPY,DEBIT,INTERNAL,2026-07-06 00:14:45
INT-0000061,2026-07-06,M009-f57fd14c,57651,GBP,DEBIT,INTERNAL,2026-07-06 22:42:16
INT-0000062,2026-07-06,M001-15cea325,218281,EUR,DEBIT,INTERNAL,2026-07-06 01:53:14
INT-0000063,2026-07-06,M006-cbae5302,17221,JPY,DEBIT,INTERNAL,2026-07-06 11:21:11
INT-0000064,2026-07-06,M012-6cb9d21f,464585,JPY,DEBIT,INTERNAL,2026-07-06 04:30:14
INT-0000065,2026-07-06,M018-bf0d7c1c,101701,JPY,DEBIT,INTERNAL,2026-07-06 11:46:16
INT-0000066,2026-07-06,M009-ab8a18a8,392293,EUR,DEBIT,INTERNAL,2026-07-06 02:17:18
INT-0000067,2026-07-06,M020-3fec8df4,13217,USD,DEBIT,INTERNAL,2026-07-06 08:30:53
INT-0000068,2026-07-06,M006-47aaeb26,421276,USD,DEBIT,INTERNAL,2026-07-06 11:02:36
INT-0000069,2026-07-06,M006-1fa5d328,214281,EUR,DEBIT,INTERNAL,2026-07-06 02:21:24
INT-0000070,2026-07-06,M007-e574de73,221256,USD,DEBIT,INTERNAL,2026-07-06 18:08:56
INT-0000071,2026-07-06,M010-8b886e75,146984,GBP,DEBIT,INTERNAL,2026-07-06 20:38:22
INT-0000072,2026-07-06,M005-6a2c8773,464058,GBP,DEBIT,INTERNAL,2026-07-06 21:03:16
INT-0000073,2026-07-06,M002-7eb19731,2855,USD,DEBIT,INTERNAL,2026-07-06 17:17:08
INT-0000074,2026-07-06,M019-b5e803b6,488178,EUR,DEBIT,INTERNAL,2026-07-06 02:44:05
INT-0000075,2026-07-06,M002-60adb592,134148,EUR,DEBIT,INTERNAL,2026-07-06 01:23:31
INT-0000076,2026-07-06,M016-3c425c8d,33672,JPY,DEBIT,INTERNAL,2026-07-06 14:51:39
INT-0000077,2026-07-06,M010-bdd0b6cc,27427,JPY,DEBIT,INTERNAL,2026-07-06 11:22:21
INT-0000078,2026-07-06,M001-d32cbe54,473214,JPY,DEBIT,INTERNAL,2026-07-06 05:42:01
INT-0000079,2026-07-06,M013-b54b9552,300845,USD,DEBIT,INTERNAL,2026-07-06 22:39:12
INT-0000080,2026-07-06,M007-fa1c257c,66901,GBP,DEBIT,INTERNAL,2026-07-06 01:35:01
INT-0000081,2026-07-06,M007-61c5cb34,96426,JPY,DEBIT,INTERNAL,2026-07-06 20:35:11
INT-0000082,2026-07-06,M007-1a3ce9d9,463898,USD,DEBIT,INTERNAL,2026-07-06 20:28:27
INT-0000083,2026-07-06,M014-ee500fe7,345923,JPY,DEBIT,INTERNAL,2026-07-06 13:22:42
INT-0000084,2026-07-06,M020-fc324bdb,439090,JPY,DEBIT,INTERNAL,2026-07-06 06:32:16
INT-0000085,2026-07-06,M017-42a21c40,21813,USD,DEBIT,INTERNAL,2026-07-06 23:10:19
INT-0000086,2026-07-06,M020-f9572b85,102058,USD,DEBIT,INTERNAL,2026-07-06 04:47:31
INT-0000087,2026-07-06,M020-48f687ab,475013,GBP,DEBIT,INTERNAL,2026-07-06 16:37:01
INT-0000088,2026-07-06,M006-c5831be3,356848,GBP,DEBIT,INTERNAL,2026-07-06 11:56:08
INT-0000089,2026-07-06,M018-8cb4ba2e,387384,JPY,DEBIT,INTERNAL,2026-07-06 13:31:28
INT-0000090,2026-07-06,M020-89a01749,155890,USD,DEBIT,INTERNAL,2026-07-06 18:47:27
INT-0000091,2026-07-06,M014-14f71010,269290,JPY,DEBIT,INTERNAL,2026-07-06 13:15:23
INT-0000092,2026-07-06,M010-7d946bf5,274749,USD,DEBIT,INTERNAL,2026-07-06 13:00:12
INT-0000093,2026-07-06,M008-248c801b,236876,EUR,DEBIT,INTERNAL,2026-07-06 03:29:17
INT-0000094,2026-07-06,M019-f750110c,316059,JPY,DEBIT,INTERNAL,2026-07-06 18:50:40
INT-0000095,2026-07-06,M006-064d6d59,478515,USD,DEBIT,INTERNAL,2026-07-06 03:49:11
INT-0000096,2026-07-06,M002-0cde2e57,375574,JPY,DEBIT,INTERNAL,2026-07-06 19:36:09
INT-0000097,2026-07-06,M009-3a818d89,338151,EUR,DEBIT,INTERNAL,2026-07-06 01:24:47
INT-0000098,2026-07-06,M007-058765a6,461897,USD,DEBIT,INTERNAL,2026-07-06 18:28:29
INT-0000099,2026-07-06,M011-ff00d796,199440,EUR,DEBIT,INTERNAL,2026-07-06 22:57:46
INT-0000100,2026-07-06,M019-410335b4,296829,USD,DEBIT,INTERNAL,2026-07-06 06:14:44
INT-0000101,2026-07-06,M001-1212b62c,73062,USD,DEBIT,INTERNAL,2026-07-06 23:25:50
INT-0000102,2026-07-06,M007-29f34369,18252,USD,DEBIT,INTERNAL,2026-07-06 01:15:12
INT-0000103,2026-07-06,M014-891baf90,11467,GBP,DEBIT,INTERNAL,2026-07-06 12:46:33
INT-0000104,2026-07-06,M001-bf16295d,272407,JPY,DEBIT,INTERNAL,2026-07-06 03:34:44
INT-0000105,2026-07-06,M002-3f5fb859,182849,USD,DEBIT,INTERNAL,2026-07-06 17:52:13
INT-0000106,2026-07-06,M008-2f3ab3cc,87422,JPY,DEBIT,INTERNAL,2026-07-06 04:00:07
INT-0000107,2026-07-06,M003-0b698d5c,466303,JPY,DEBIT,INTERNAL,2026-07-06 23:30:54
INT-0000108,2026-07-06,M008-1ba4ea5e,67021,JPY,DEBIT,INTERNAL,2026-07-06 19:21:10
INT-0000109,2026-07-06,M009-e7689447,66590,EUR,DEBIT,INTERNAL,2026-07-06 12:09:45
INT-0000110,2026-07-06,M020-a683536c,84870,GBP,DEBIT,INTERNAL,2026-07-06 08:36:00
INT-0000111,2026-07-06,M005-d863386c,384956,GBP,DEBIT,INTERNAL,2026-07-06 10:49:41
INT-0000112,2026-07-06,M001-79e048c0,448413,JPY,DEBIT,INTERNAL,2026-07-06 15:53:36
INT-0000113,2026-07-06,M014-753eda83,444044,JPY,DEBIT,INTERNAL,2026-07-06 08:19:18
INT-0000114,2026-07-06,M008-58dfe0d5,374396,JPY,DEBIT,INTERNAL,2026-07-06 22:55:24
INT-0000115,2026-07-06,M011-318656b3,204295,USD,DEBIT,INTERNAL,2026-07-06 17:50:04
INT-0000116,2026-07-06,M015-0bade65c,376569,EUR,DEBIT,INTERNAL,2026-07-06 17:19:15
INT-0000117,2026-07-06,M004-88cc102d,334769,GBP,DEBIT,INTERNAL,2026-07-06 02:03:41
INT-0000118,2026-07-06,M012-9c7ce654,57782,GBP,DEBIT,INTERNAL,2026-07-06 08:10:16
INT-0000119,2026-07-06,M003-74bde94f,246474,EUR,DEBIT,INTERNAL,2026-07-06 23:22:54
INT-0000120,2026-07-06,M008-8d5f08b7,369703,GBP,DEBIT,INTERNAL,2026-07-06 13:41:42
INT-0000121,2026-07-06,M011-2b49c12a,254737,JPY,DEBIT,INTERNAL,2026-07-06 15:36:03
INT-0000122,2026-07-06,M005-00629834,332459,GBP,DEBIT,INTERNAL,2026-07-06 21:12:23
INT-0000123,2026-07-06,M006-6c5296f6,182136,JPY,DEBIT,INTERNAL,2026-07-06 05:33:31
INT-0000124,2026-07-06,M015-8d74ff1f,291513,USD,DEBIT,INTERNAL,2026-07-06 04:18:41
INT-0000125,2026-07-06,M005-505aef9e,129771,JPY,DEBIT,INTERNAL,2026-07-06 18:08:16
INT-0000126,2026-07-06,M014-b001a3ff,95143,USD,DEBIT,INTERNAL,2026-07-06 23:11:38
INT-0000127,2026-07-06,M005-4a3baf69,112363,USD,DEBIT,INTERNAL,2026-07-06 15:07:52
INT-0000128,2026-07-06,M014-99bfca8b,290970,GBP,DEBIT,INTERNAL,2026-07-06 01:55:10
INT-0000129,2026-07-06,M016-a9421cc1,173984,USD,DEBIT,INTERNAL,2026-07-06 07:00:06
INT-0000130,2026-07-06,M004-f1c4261e,24825,USD,DEBIT,INTERNAL,2026-07-06 06:54:55
INT-0000131,2026-07-06,M006-1d30b498,348427,USD,DEBIT,INTERNAL,2026-07-06 06:36:03
INT-0000132,2026-07-06,M006-0d1f13dc,18452,JPY,DEBIT,INTERNAL,2026-07-06 11:35:43
INT-0000133,2026-07-06,M001-4fd32f64,311855,JPY,DEBIT,INTERNAL,2026-07-06 21:33:10
INT-0000134,2026-07-06,M014-2634f087,5390,USD,DEBIT,INTERNAL,2026-07-06 04:25:47
INT-0000135,2026-07-06,M006-29fe8110,192323,USD,DEBIT,INTERNAL,2026-07-06 05:16:19
INT-0000136,2026-07-06,M020-95f1abef,204421,USD,DEBIT,INTERNAL,2026-07-06 11:19:31
INT-0000137,2026-07-06,M005-5dfce8a9,190955,USD,DEBIT,INTERNAL,2026-07-06 23:28:46
INT-0000138,2026-07-06,M020-049d7ccc,456398,GBP,DEBIT,INTERNAL,2026-07-06 22:03:26
INT-0000139,2026-07-06,M008-a88d5194,149035,JPY,DEBIT,INTERNAL,2026-07-06 00:03:40
INT-0000140,2026-07-06,M019-fb2fc679,144075,EUR,DEBIT,INTERNAL,2026-07-06 19:56:47
INT-0000141,2026-07-06,M013-80ce2b27,371873,JPY,DEBIT,INTERNAL,2026-07-06 07:31:17
INT-0000142,2026-07-06,M017-af666625,464544,GBP,DEBIT,INTERNAL,2026-07-06 19:00:01
INT-0000143,2026-07-06,M010-bc471fb3,303468,GBP,DEBIT,INTERNAL,2026-07-06 20:33:01
INT-0000144,2026-07-06,M015-0b80316f,82370,USD,DEBIT,INTERNAL,2026-07-06 11:29:51
INT-0000145,2026-07-06,M007-d3e481a6,485726,GBP,DEBIT,INTERNAL,2026-07-06 10:11:17
INT-0000146,2026-07-06,M013-1bef2c32,14928,USD,DEBIT,INTERNAL,2026-07-06 01:51:24
INT-0000147,2026-07-06,M019-c5e5b775,336376,EUR,DEBIT,INTERNAL,2026-07-06 03:16:08
INT-0000148,2026-07-06,M002-8f134a06,439443,USD,DEBIT,INTERNAL,2026-07-06 01:42:45
INT-0000149,2026-07-06,M010-3fab8c3b,397856,JPY,DEBIT,INTERNAL,2026-07-06 23:45:26
INT-0000150,2026-07-06,M006-0e61572b,125520,JPY,DEBIT,INTERNAL,2026-07-06 05:12:42
INT-0000151,2026-07-06,M005-02eaa7f3,51349,JPY,DEBIT,INTERNAL,2026-07-06 14:01:13
INT-0000152,2026-07-06,M005-5e4e48dd,116708,GBP,DEBIT,INTERNAL,2026-07-06 02:03:55
INT-0000153,2026-07-06,M001-a58f3aef,299863,GBP,DEBIT,INTERNAL,2026-07-06 10:47:49
INT-0000154,2026-07-06,M017-f9386bd8,331326,USD,DEBIT,INTERNAL,2026-07-06 07:41:16
INT-0000155,2026-07-06,M008-d51940ea,205048,USD,DEBIT,INTERNAL,2026-07-06 10:32:15
INT-0000156,2026-07-06,M015-95bd1d68,414459,USD,DEBIT,INTERNAL,2026-07-06 19:10:20
INT-0000157,2026-07-06,M005-5622f856,273996,EUR,DEBIT,INTERNAL,2026-07-06 08:23:21
INT-0000158,2026-07-06,M007-2d1ba9f2,106558,GBP,DEBIT,INTERNAL,2026-07-06 00:21:55
INT-0000159,2026-07-06,M009-b15b0be2,98044,EUR,DEBIT,INTERNAL,2026-07-06 20:30:10
INT-0000160,2026-07-06,M008-193fe040,408985,GBP,DEBIT,INTERNAL,2026-07-06 13:53:09
INT-0000161,2026-07-06,M003-53980036,325075,EUR,DEBIT,INTERNAL,2026-07-06 06:38:26
INT-0000162,2026-07-06,M020-e3b35183,274656,JPY,DEBIT,INTERNAL,2026-07-06 08:40:43
INT-0000163,2026-07-06,M019-3c4774ec,58192,GBP,DEBIT,INTERNAL,2026-07-06 04:26:35
INT-0000164,2026-07-06,M001-1c1bac7a,364287,JPY,DEBIT,INTERNAL,2026-07-06 15:18:33
INT-0000165,2026-07-06,M019-1a4b7d0b,427817,GBP,DEBIT,INTERNAL,2026-07-06 14:35:06
INT-0000166,2026-07-06,M003-074dce11,227537,GBP,DEBIT,INTERNAL,2026-07-06 07:18:37
INT-0000167,2026-07-06,M018-830d7193,326218,USD,DEBIT,INTERNAL,2026-07-06 03:39:33
INT-0000168,2026-07-06,M006-82e4e349,32135,USD,DEBIT,INTERNAL,2026-07-06 21:38:14
INT-0000169,2026-07-06,M019-29e7c6be,144213,GBP,DEBIT,INTERNAL,2026-07-06 08:51:43
INT-0000170,2026-07-06,M010-07a76cc0,246373,JPY,DEBIT,INTERNAL,2026-07-06 11:18:18
INT-0000171,2026-07-06,M006-af896910,170344,EUR,DEBIT,INTERNAL,2026-07-06 20:16:01
INT-0000172,2026-07-06,M003-1ceb374d,231179,GBP,DEBIT,INTERNAL,2026-07-06 23:56:48
INT-0000173,2026-07-06,M012-83f84d30,354574,EUR,DEBIT,INTERNAL,2026-07-06 07:22:21
INT-0000174,2026-07-06,M018-4d83cee9,261534,USD,DEBIT,INTERNAL,2026-07-06 14:28:20
INT-0000175,2026-07-06,M010-ca0fce95,205331,GBP,DEBIT,INTERNAL,2026-07-06 19:09:19
INT-0000176,2026-07-06,M005-72aa7a6d,302192,JPY,DEBIT,INTERNAL,2026-07-06 13:43:34
INT-0000177,2026-07-06,M001-f99ddceb,25373,USD,DEBIT,INTERNAL,2026-07-06 09:20:26
INT-0000178,2026-07-06,M001-3dbc46df,275881,USD,DEBIT,INTERNAL,2026-07-06 08:20:51
INT-0000179,2026-07-06,M020-25bab295,363086,GBP,DEBIT,INTERNAL,2026-07-06 19:18:06
INT-0000180,2026-07-06,M010-d5966d51,430706,GBP,DEBIT,INTERNAL,2026-07-06 18:31:39
INT-0000181,2026-07-06,M020-1d00909c,185670,USD,DEBIT,INTERNAL,2026-07-06 20:44:53
INT-0000182,2026-07-06,M019-65f846d3,350780,USD,DEBIT,INTERNAL,2026-07-06 01:04:30
INT-0000183,2026-07-06,M017-25fed10a,15722,USD,DEBIT,INTERNAL,2026-07-06 03:38:40
INT-0000184,2026-07-06,M008-1832b6ec,144913,GBP,DEBIT,INTERNAL,2026-07-06 06:10:05
INT-0000185,2026-07-06,M019-777155a0,230998,USD,DEBIT,INTERNAL,2026-07-06 01:59:14
INT-0000186,2026-07-06,M015-8f27c7d9,219849,GBP,DEBIT,INTERNAL,2026-07-06 21:56:17
INT-0000187,2026-07-06,M016-255bc509,416132,USD,DEBIT,INTERNAL,2026-07-06 08:51:41
INT-0000188,2026-07-06,M012-cac23db7,176144,USD,DEBIT,INTERNAL,2026-07-06 19:25:59
INT-0000189,2026-07-06,M015-d180a474,181106,GBP,DEBIT,INTERNAL,2026-07-06 08:38:06
INT-0000190,2026-07-06,M018-e75bb6cc,291467,EUR,DEBIT,INTERNAL,2026-07-06 16:08:25
INT-0000191,2026-07-06,M019-67e48eb7,156346,EUR,DEBIT,INTERNAL,2026-07-06 17:19:44
INT-0000192,2026-07-06,M017-28c0490c,66306,EUR,DEBIT,INTERNAL,2026-07-06 04:28:14
INT-0000193,2026-07-06,M006-32b96292,168815,EUR,DEBIT,INTERNAL,2026-07-06 06:51:22
INT-0000194,2026-07-06,M005-ce4850bb,148540,JPY,DEBIT,INTERNAL,2026-07-06 12:57:28
INT-0000195,2026-07-06,M001-b3593871,130744,JPY,DEBIT,INTERNAL,2026-07-06 14:34:57
INT-0000196,2026-07-06,M020-94c1957f,226312,EUR,DEBIT,INTERNAL,2026-07-06 07:12:43
INT-0000197,2026-07-06,M009-b0391173,351843,JPY,DEBIT,INTERNAL,2026-07-06 20:56:42
INT-0000198,2026-07-06,M012-782bdeae,219251,USD,DEBIT,INTERNAL,2026-07-06 14:19:54
INT-0000199,2026-07-06,M007-4f618557,353409,JPY,DEBIT,INTERNAL,2026-07-06 18:38:13
INT-0000200,2026-07-06,M008-bd26944f,88607,USD,DEBIT,INTERNAL,2026-07-06 13:01:40
INT-0000201,2026-07-06,M008-e4b9447a,3582,EUR,DEBIT,INTERNAL,2026-07-06 18:45:52
INT-0000202,2026-07-06,M004-4ec6390b,399229,JPY,DEBIT,INTERNAL,2026-07-06 06:09:38
INT-0000203,2026-07-06,M002-9639e35a,470163,USD,DEBIT,INTERNAL,2026-07-06 10:13:35
INT-0000204,2026-07-06,M019-210ef2a8,152284,GBP,DEBIT,INTERNAL,2026-07-06 06:07:12
INT-0000205,2026-07-06,M014-a0b29872,100014,JPY,DEBIT,INTERNAL,2026-07-06 19:46:21
INT-0000206,2026-07-06,M001-49b5539a,406528,USD,DEBIT,INTERNAL,2026-07-06 14:23:29
INT-0000207,2026-07-06,M012-4b87113c,121204,GBP,DEBIT,INTERNAL,2026-07-06 13:25:03
INT-0000208,2026-07-06,M007-5924754e,222263,JPY,DEBIT,INTERNAL,2026-07-06 18:11:14
INT-0000209,2026-07-06,M013-f66b01d4,21441,USD,DEBIT,INTERNAL,2026-07-06 16:00:06
INT-0000210,2026-07-06,M002-2e055c90,467443,JPY,DEBIT,INTERNAL,2026-07-06 12:19:49
INT-0000211,2026-07-06,M019-f2aed4c2,298041,GBP,DEBIT,INTERNAL,2026-07-06 07:06:53
INT-0000212,2026-07-06,M002-9dbf49a0,319869,GBP,DEBIT,INTERNAL,2026-07-06 23:58:22
INT-0000213,2026-07-06,M008-4bdb7ec8,362971,JPY,DEBIT,INTERNAL,2026-07-06 03:06:08
INT-0000214,2026-07-06,M006-78368f7e,287869,EUR,DEBIT,INTERNAL,2026-07-06 04:05:15
INT-0000215,2026-07-06,M019-2d2e433e,386159,USD,DEBIT,INTERNAL,2026-07-06 18:41:04
INT-0000216,2026-07-06,M013-f24b1c71,100977,EUR,DEBIT,INTERNAL,2026-07-06 20:29:57
INT-0000217,2026-07-06,M001-34d263b5,241518,EUR,DEBIT,INTERNAL,2026-07-06 10:55:12
INT-0000218,2026-07-06,M011-37bbf1b3,433368,USD,DEBIT,INTERNAL,2026-07-06 09:18:24
INT-0000219,2026-07-06,M011-8b6e0e30,18402,USD,DEBIT,INTERNAL,2026-07-06 08:49:38
INT-0000220,2026-07-06,M003-9c488e00,97634,GBP,DEBIT,INTERNAL,2026-07-06 05:28:12
INT-0000221,2026-07-06,M005-1125cf5e,263574,JPY,DEBIT,INTERNAL,2026-07-06 17:37:14
INT-0000222,2026-07-06,M020-694165be,189732,USD,DEBIT,INTERNAL,2026-07-06 11:59:18
INT-0000223,2026-07-06,M015-a0afa707,491974,JPY,DEBIT,INTERNAL,2026-07-06 12:52:37
INT-0000224,2026-07-06,M020-48c828b4,331259,USD,DEBIT,INTERNAL,2026-07-06 05:18:34
INT-0000225,2026-07-06,M002-d3b97429,457879,USD,DEBIT,INTERNAL,2026-07-06 07:15:15
INT-0000226,2026-07-06,M011-7bca1aaf,267313,GBP,DEBIT,INTERNAL,2026-07-06 23:07:38
INT-0000227,2026-07-06,M008-460ecec9,183600,EUR,DEBIT,INTERNAL,2026-07-06 05:29:26
INT-0000228,2026-07-06,M019-98a26259,75900,USD,DEBIT,INTERNAL,2026-07-06 10:58:36
INT-0000229,2026-07-06,M015-2fa58805,406528,GBP,DEBIT,INTERNAL,2026-07-06 15:35:34
INT-0000230,2026-07-06,M008-ce693671,114959,USD,DEBIT,INTERNAL,2026-07-06 01:44:11
INT-0000231,2026-07-06,M020-a40680a0,42080,USD,DEBIT,INTERNAL,2026-07-06 02:40:26
INT-0000232,2026-07-06,M011-ca51d12a,340727,USD,DEBIT,INTERNAL,2026-07-06 17:42:23
INT-0000233,2026-07-06,M020-00aa1da5,135251,JPY,DEBIT,INTERNAL,2026-07-06 16:52:15
INT-0000234,2026-07-06,M007-bbdb4a78,278101,EUR,DEBIT,INTERNAL,2026-07-06 03:16:19
INT-0000235,2026-07-06,M016-9e8b8480,407343,USD,DEBIT,INTERNAL,2026-07-06 23:34:03
INT-0000236,2026-07-06,M004-7c204316,79454,GBP,DEBIT,INTERNAL,2026-07-06 22:53:51
INT-0000237,2026-07-06,M006-b4550b7e,493198,GBP,DEBIT,INTERNAL,2026-07-06 22:03:59
INT-0000238,2026-07-06,M016-ce6a0302,334013,EUR,DEBIT,INTERNAL,2026-07-06 12:31:58
INT-0000239,2026-07-06,M013-cdc70808,31949,GBP,DEBIT,INTERNAL,2026-07-06 08:18:19
INT-0000240,2026-07-06,M008-ad89f65f,186257,EUR,DEBIT,INTERNAL,2026-07-06 07:23:54
INT-0000241,2026-07-06,M009-92a0f75a,431899,EUR,DEBIT,INTERNAL,2026-07-06 10:55:32
INT-0000242,2026-07-06,M020-16b1e5d4,111684,JPY,DEBIT,INTERNAL,2026-07-06 21:05:20
INT-0000243,2026-07-06,M010-40494b35,422562,USD,DEBIT,INTERNAL,2026-07-06 04:03:42
INT-0000244,2026-07-06,M013-ca176014,217660,USD,DEBIT,INTERNAL,2026-07-06 12:21:44
INT-0000245,2026-07-06,M008-01a233f4,366675,JPY,DEBIT,INTERNAL,2026-07-06 03:49:05
INT-0000246,2026-07-06,M001-43bf2b67,117894,EUR,DEBIT,INTERNAL,2026-07-06 19:40:36
INT-0000247,2026-07-06,M009-82161db8,8472,EUR,DEBIT,INTERNAL,2026-07-06 09:38:07
INT-0000248,2026-07-06,M018-d8cdadc4,288234,GBP,DEBIT,INTERNAL,2026-07-06 12:02:32
INT-0000249,2026-07-06,M013-078c7632,421898,JPY,DEBIT,INTERNAL,2026-07-06 05:12:30
INT-0000250,2026-07-06,M002-aeae0ffa,213266,USD,DEBIT,INTERNAL,2026-07-06 20:20:06
INT-0000251,2026-07-06,M013-cb2c8a27,433032,EUR,DEBIT,INTERNAL,2026-07-06 22:55:11
INT-0000252,2026-07-06,M009-bf742b65,476945,GBP,DEBIT,INTERNAL,2026-07-06 17:13:53
INT-0000253,2026-07-06,M008-51acbd3d,80431,EUR,DEBIT,INTERNAL,2026-07-06 16:45:32
INT-0000254,2026-07-06,M009-b9e28c9e,54398,JPY,DEBIT,INTERNAL,2026-07-06 13:16:51
INT-0000255,2026-07-06,M015-404bf7ba,383586,JPY,DEBIT,INTERNAL,2026-07-06 06:21:13
INT-0000256,2026-07-06,M009-081598a8,292109,USD,DEBIT,INTERNAL,2026-07-06 07:18:46
INT-0000257,2026-07-06,M015-f264d9b1,275843,USD,DEBIT,INTERNAL,2026-07-06 23:09:40
INT-0000258,2026-07-06,M013-dd8b7c46,22390,GBP,DEBIT,INTERNAL,2026-07-06 10:44:58
INT-0000259,2026-07-06,M019-a22eccdf,33716,GBP,DEBIT,INTERNAL,2026-07-06 07:23:44
INT-0000260,2026-07-06,M001-eeddf52e,311285,USD,DEBIT,INTERNAL,2026-07-06 20:30:57
INT-0000261,2026-07-06,M005-6c19ace3,351972,USD,DEBIT,INTERNAL,2026-07-06 08:27:43
INT-0000262,2026-07-06,M019-26e16af1,53823,USD,DEBIT,INTERNAL,2026-07-06 18:05:35
INT-0000263,2026-07-06,M014-4aa60588,213858,EUR,DEBIT,INTERNAL,2026-07-06 01:49:26
INT-0000264,2026-07-06,M009-d1997cd8,291843,GBP,DEBIT,INTERNAL,2026-07-06 14:22:24
INT-0000265,2026-07-06,M005-bef4ba6e,109293,USD,DEBIT,INTERNAL,2026-07-06 19:32:45
INT-0000266,2026-07-06,M018-02da187e,382842,USD,DEBIT,INTERNAL,2026-07-06 11:26:31
INT-0000267,2026-07-06,M007-6615d314,213363,JPY,DEBIT,INTERNAL,2026-07-06 16:11:51
INT-0000268,2026-07-06,M003-5f796546,94958,JPY,DEBIT,INTERNAL,2026-07-06 00:31:00
INT-0000269,2026-07-06,M015-1d78ed41,106210,USD,DEBIT,INTERNAL,2026-07-06 03:19:57
INT-0000270,2026-07-06,M005-97a498a6,84461,USD,DEBIT,INTERNAL,2026-07-06 16:14:59
INT-0000271,2026-07-06,M008-c49726e4,17771,JPY,DEBIT,INTERNAL,2026-07-06 11:55:41
INT-0000272,2026-07-06,M014-31b3629f,356442,GBP,DEBIT,INTERNAL,2026-07-06 14:36:48
INT-0000273,2026-07-06,M016-89264f87,105624,USD,DEBIT,INTERNAL,2026-07-06 17:38:56
INT-0000274,2026-07-06,M010-30b64915,304645,USD,DEBIT,INTERNAL,2026-07-06 21:48:05
INT-0000275,2026-07-06,M015-b5392e33,130206,JPY,DEBIT,INTERNAL,2026-07-06 11:59:55
INT-0000276,2026-07-06,M020-113d4db2,242404,JPY,DEBIT,INTERNAL,2026-07-06 01:18:25
INT-0000277,2026-07-06,M006-a0f94833,89470,GBP,DEBIT,INTERNAL,2026-07-06 03:16:41
INT-0000278,2026-07-06,M004-3ae7518b,260614,EUR,DEBIT,INTERNAL,2026-07-06 09:50:50
INT-0000279,2026-07-06,M010-4773031f,291632,JPY,DEBIT,INTERNAL,2026-07-06 07:24:27
INT-0000280,2026-07-06,M019-25480dc3,361712,EUR,DEBIT,INTERNAL,2026-07-06 08:20:49
INT-0000281,2026-07-06,M004-677172a3,348569,USD,DEBIT,INTERNAL,2026-07-06 21:03:47
INT-0000282,2026-07-06,M011-50add127,425462,USD,DEBIT,INTERNAL,2026-07-06 16:48:47
INT-0000283,2026-07-06,M017-4667a20f,79790,EUR,DEBIT,INTERNAL,2026-07-06 12:32:10
INT-0000284,2026-07-06,M003-1bd2b5ff,104853,USD,DEBIT,INTERNAL,2026-07-06 22:45:40
INT-0000285,2026-07-06,M010-5dc93287,391074,USD,DEBIT,INTERNAL,2026-07-06 16:58:19
INT-0000286,2026-07-06,M019-f1ccacc2,294943,JPY,DEBIT,INTERNAL,2026-07-06 08:36:57
INT-0000287,2026-07-06,M011-09f03fdd,416233,JPY,DEBIT,INTERNAL,2026-07-06 11:05:45
INT-0000288,2026-07-06,M015-62bce19a,176355,EUR,DEBIT,INTERNAL,2026-07-06 19:51:27
INT-0000289,2026-07-06,M006-7361c5c8,214118,JPY,DEBIT,INTERNAL,2026-07-06 19:35:39
INT-0000290,2026-07-06,M005-bc9fa65c,88274,GBP,DEBIT,INTERNAL,2026-07-06 08:09:46
INT-0000291,2026-07-06,M001-e8b3c48d,54890,EUR,DEBIT,INTERNAL,2026-07-06 08:57:07
INT-0000292,2026-07-06,M020-9b9c1ffb,233334,GBP,DEBIT,INTERNAL,2026-07-06 09:41:50
INT-0000293,2026-07-06,M001-ce94e1af,459365,USD,DEBIT,INTERNAL,2026-07-06 04:20:04
INT-0000294,2026-07-06,M009-1c58790d,98887,EUR,DEBIT,INTERNAL,2026-07-06 21:23:31
INT-0000295,2026-07-06,M014-cfb8a5f1,422501,USD,DEBIT,INTERNAL,2026-07-06 23:16:52
INT-0000296,2026-07-06,M012-1595919c,105768,EUR,DEBIT,INTERNAL,2026-07-06 18:47:12
INT-0000297,2026-07-06,M012-f6aec38b,143289,EUR,DEBIT,INTERNAL,2026-07-06 11:15:54
INT-0000298,2026-07-06,M013-6ed5a148,140405,JPY,DEBIT,INTERNAL,2026-07-06 04:05:41
INT-0000299,2026-07-06,M016-8cbc938e,395095,JPY,DEBIT,INTERNAL,2026-07-06 02:47:02
INT-0000300,2026-07-06,M002-b8723d39,185916,GBP,DEBIT,INTERNAL,2026-07-06 21:55:24
INT-0000301,2026-07-06,M006-caccfab5,406618,USD,DEBIT,INTERNAL,2026-07-06 14:42:11
INT-0000302,2026-07-06,M005-46a2d207,351463,JPY,DEBIT,INTERNAL,2026-07-06 10:30:46
INT-0000303,2026-07-06,M013-4477391c,301295,EUR,DEBIT,INTERNAL,2026-07-06 09:58:09
INT-0000304,2026-07-06,M005-286793b2,321549,JPY,DEBIT,INTERNAL,2026-07-06 10:00:54
INT-0000305,2026-07-06,M017-60e4e81e,64378,USD,DEBIT,INTERNAL,2026-07-06 11:50:17
INT-0000306,2026-07-06,M020-e3f79aa7,21264,USD,DEBIT,INTERNAL,2026-07-06 19:34:58
INT-0000307,2026-07-06,M007-07508db2,440590,GBP,DEBIT,INTERNAL,2026-07-06 21:01:38
INT-0000308,2026-07-06,M009-ccd71ba8,307166,USD,DEBIT,INTERNAL,2026-07-06 04:05:29
INT-0000309,2026-07-06,M016-e6a63c59,226640,EUR,DEBIT,INTERNAL,2026-07-06 16:31:42
INT-0000310,2026-07-06,M003-6869002b,230460,USD,DEBIT,INTERNAL,2026-07-06 07:11:53
INT-0000311,2026-07-06,M001-5ab9315b,292923,GBP,DEBIT,INTERNAL,2026-07-06 12:56:20
INT-0000312,2026-07-06,M001-a34bff2a,405625,JPY,DEBIT,INTERNAL,2026-07-06 03:43:09
INT-0000313,2026-07-06,M016-8c6b8068,446128,EUR,DEBIT,INTERNAL,2026-07-06 03:57:49
INT-0000314,2026-07-06,M017-5d44036c,406516,JPY,DEBIT,INTERNAL,2026-07-06 13:59:11
INT-0000315,2026-07-06,M002-2aaef607,466602,EUR,DEBIT,INTERNAL,2026-07-06 20:51:22
INT-0000316,2026-07-06,M012-346eee21,462186,JPY,DEBIT,INTERNAL,2026-07-06 03:47:13
INT-0000317,2026-07-06,M006-ff43fc27,342284,JPY,DEBIT,INTERNAL,2026-07-06 08:43:49
INT-0000318,2026-07-06,M008-7173601e,206180,USD,DEBIT,INTERNAL,2026-07-06 20:36:37
INT-0000319,2026-07-06,M002-4e0f3354,138364,JPY,DEBIT,INTERNAL,2026-07-06 01:30:16
INT-0000320,2026-07-06,M006-c0202219,55967,GBP,DEBIT,INTERNAL,2026-07-06 18:33:41
INT-0000321,2026-07-06,M001-e636d32b,13120,EUR,DEBIT,INTERNAL,2026-07-06 06:49:18
INT-0000322,2026-07-06,M003-2b89994f,446003,EUR,DEBIT,INTERNAL,2026-07-06 03:41:32
INT-0000323,2026-07-06,M011-2136ced6,4140,EUR,DEBIT,INTERNAL,2026-07-06 02:52:15
INT-0000324,2026-07-06,M003-04d159e8,439427,USD,DEBIT,INTERNAL,2026-07-06 02:08:40
INT-0000325,2026-07-06,M009-0ac35e5f,444201,GBP,DEBIT,INTERNAL,2026-07-06 12:41:16
INT-0000326,2026-07-06,M011-0d0a7ba0,421830,GBP,DEBIT,INTERNAL,2026-07-06 09:05:34
INT-0000327,2026-07-06,M008-531adab2,417098,GBP,DEBIT,INTERNAL,2026-07-06 02:53:12
INT-0000328,2026-07-06,M015-17d26690,111391,EUR,DEBIT,INTERNAL,2026-07-06 19:19:48
INT-0000329,2026-07-06,M014-e59c7a80,497349,USD,DEBIT,INTERNAL,2026-07-06 06:25:05
INT-0000330,2026-07-06,M009-2c922202,344493,EUR,DEBIT,INTERNAL,2026-07-06 02:31:37
INT-0000331,2026-07-06,M005-8e5389cd,379269,USD,DEBIT,INTERNAL,2026-07-06 17:58:29
INT-0000332,2026-07-06,M006-eaa60c73,382345,JPY,DEBIT,INTERNAL,2026-07-06 03:27:11
INT-0000333,2026-07-06,M012-06225985,146068,GBP,DEBIT,INTERNAL,2026-07-06 22:45:05
INT-0000334,2026-07-06,M002-27129084,133637,JPY,DEBIT,INTERNAL,2026-07-06 23:44:48
INT-0000335,2026-07-06,M012-4b8bb537,284759,GBP,DEBIT,INTERNAL,2026-07-06 06:25:11
INT-0000336,2026-07-06,M006-0767cb7f,399376,GBP,DEBIT,INTERNAL,2026-07-06 13:51:48
INT-0000337,2026-07-06,M001-b790fef3,52722,USD,DEBIT,INTERNAL,2026-07-06 13:44:28
INT-0000338,2026-07-06,M003-f57de136,62244,JPY,DEBIT,INTERNAL,2026-07-06 17:39:24
INT-0000339,2026-07-06,M012-a127f6c3,246478,JPY,DEBIT,INTERNAL,2026-07-06 08:42:16
INT-0000340,2026-07-06,M014-5a632f8e,126191,USD,DEBIT,INTERNAL,2026-07-06 18:59:19
INT-0000341,2026-07-06,M015-a368b23f,39525,EUR,DEBIT,INTERNAL,2026-07-06 16:29:37
INT-0000342,2026-07-06,M006-0f17f4b4,329515,USD,DEBIT,INTERNAL,2026-07-06 23:46:26
INT-0000343,2026-07-06,M011-570e2e61,449980,USD,DEBIT,INTERNAL,2026-07-06 13:23:18
INT-0000344,2026-07-06,M005-62c050bf,160116,EUR,DEBIT,INTERNAL,2026-07-06 11:25:59
INT-0000345,2026-07-06,M016-666f69e8,268753,GBP,DEBIT,INTERNAL,2026-07-06 17:55:00
INT-0000346,2026-07-06,M011-ad0b5704,213874,USD,DEBIT,INTERNAL,2026-07-06 06:27:46
INT-0000347,2026-07-06,M009-c48738d4,249570,JPY,DEBIT,INTERNAL,2026-07-06 20:27:25
INT-0000348,2026-07-06,M017-157d52ed,305327,EUR,DEBIT,INTERNAL,2026-07-06 11:41:42
INT-0000349,2026-07-06,M019-8d31d309,451503,EUR,DEBIT,INTERNAL,2026-07-06 05:29:20
INT-0000350,2026-07-06,M006-c93e7fb6,220746,EUR,DEBIT,INTERNAL,2026-07-06 02:40:13
INT-0000351,2026-07-06,M019-587db821,299509,GBP,DEBIT,INTERNAL,2026-07-06 13:54:28
INT-0000352,2026-07-06,M016-0efa5ea7,352878,EUR,DEBIT,INTERNAL,2026-07-06 11:56:46
INT-0000353,2026-07-06,M003-c47bbcfb,284948,EUR,DEBIT,INTERNAL,2026-07-06 14:53:43
INT-0000354,2026-07-06,M008-314cd2fe,461304,EUR,DEBIT,INTERNAL,2026-07-06 09:41:08
INT-0000355,2026-07-06,M019-a5f05cb3,181433,GBP,DEBIT,INTERNAL,2026-07-06 15:55:07
INT-0000356,2026-07-06,M010-6b9852e1,333206,EUR,DEBIT,INTERNAL,2026-07-06 09:03:00
INT-0000357,2026-07-06,M001-80205270,380934,JPY,DEBIT,INTERNAL,2026-07-06 20:24:46
INT-0000358,2026-07-06,M006-0032264f,472680,GBP,DEBIT,INTERNAL,2026-07-06 08:36:20
INT-0000359,2026-07-06,M017-df8a1285,168355,GBP,DEBIT,INTERNAL,2026-07-06 10:37:22
INT-0000360,2026-07-06,M003-4aaf4614,365733,USD,DEBIT,INTERNAL,2026-07-06 09:34:25
INT-0000361,2026-07-06,M014-792f3246,155240,JPY,DEBIT,INTERNAL,2026-07-06 00:36:19
INT-0000362,2026-07-06,M015-2fd40663,415353,JPY,DEBIT,INTERNAL,2026-07-06 08:25:09
INT-0000363,2026-07-06,M015-da107079,394157,EUR,DEBIT,INTERNAL,2026-07-06 09:24:46
INT-0000364,2026-07-06,M015-6984517e,473315,EUR,DEBIT,INTERNAL,2026-07-06 06:41:49
INT-0000365,2026-07-06,M010-91a291a7,165889,JPY,DEBIT,INTERNAL,2026-07-06 19:02:18
INT-0000366,2026-07-06,M008-a3bf9232,16347,JPY,DEBIT,INTERNAL,2026-07-06 07:11:53
INT-0000367,2026-07-06,M014-7eafdbea,35475,JPY,DEBIT,INTERNAL,2026-07-06 09:11:48
INT-0000368,2026-07-06,M004-84142e19,46564,JPY,DEBIT,INTERNAL,2026-07-06 23:11:07
INT-0000369,2026-07-06,M011-4c311943,273027,JPY,DEBIT,INTERNAL,2026-07-06 03:07:12
INT-0000370,2026-07-06,M011-d575cdab,429647,EUR,DEBIT,INTERNAL,2026-07-06 19:21:51
INT-0000371,2026-07-06,M008-28cf759e,289870,JPY,DEBIT,INTERNAL,2026-07-06 04:15:32
INT-0000372,2026-07-06,M007-f3a708f4,393190,EUR,DEBIT,INTERNAL,2026-07-06 07:03:03
INT-0000373,2026-07-06,M020-a6d107b0,164834,GBP,DEBIT,INTERNAL,2026-07-06 06:17:30
INT-0000374,2026-07-06,M009-a7a8b9bb,472044,USD,DEBIT,INTERNAL,2026-07-06 01:21:58
INT-0000375,2026-07-06,M010-0d715498,494776,USD,DEBIT,INTERNAL,2026-07-06 08:16:12
INT-0000376,2026-07-06,M011-47a1b5a4,229610,JPY,DEBIT,INTERNAL,2026-07-06 11:10:53
INT-0000377,2026-07-06,M018-eafe6ab7,416570,USD,DEBIT,INTERNAL,2026-07-06 19:56:37
INT-0000378,2026-07-06,M004-07b22f16,465342,GBP,DEBIT,INTERNAL,2026-07-06 00:56:46
INT-0000379,2026-07-06,M013-c9fab9b3,421188,GBP,DEBIT,INTERNAL,2026-07-06 17:21:15
INT-0000380,2026-07-06,M017-d0766bb3,254268,USD,DEBIT,INTERNAL,2026-07-06 16:14:35
INT-0000381,2026-07-06,M019-d04d259b,242475,USD,DEBIT,INTERNAL,2026-07-06 21:30:46
INT-0000382,2026-07-06,M008-5c2d6a9a,463503,GBP,DEBIT,INTERNAL,2026-07-06 15:46:55
INT-0000383,2026-07-06,M006-04c5503b,287216,JPY,DEBIT,INTERNAL,2026-07-06 18:12:56
INT-0000384,2026-07-06,M002-6e4644e0,265218,EUR,DEBIT,INTERNAL,2026-07-06 00:51:10
INT-0000385,2026-07-06,M020-7d6e120a,317250,GBP,DEBIT,INTERNAL,2026-07-06 10:02:57
INT-0000386,2026-07-06,M006-757563e6,282863,EUR,DEBIT,INTERNAL,2026-07-06 09:18:24
INT-0000387,2026-07-06,M014-e22d4ae5,256562,USD,DEBIT,INTERNAL,2026-07-06 00:03:47
INT-0000388,2026-07-06,M018-675dbd99,214543,GBP,DEBIT,INTERNAL,2026-07-06 08:55:28
INT-0000389,2026-07-06,M007-6a395dfe,45056,JPY,DEBIT,INTERNAL,2026-07-06 05:11:24
INT-0000390,2026-07-06,M019-f6f4572b,248523,JPY,DEBIT,INTERNAL,2026-07-06 10:05:18
INT-0000391,2026-07-06,M003-dabc4e01,53159,JPY,DEBIT,INTERNAL,2026-07-06 12:53:31
INT-0000392,2026-07-06,M016-cd9504bc,267312,GBP,DEBIT,INTERNAL,2026-07-06 22:56:09
INT-0000393,2026-07-06,M019-c59340af,178788,EUR,DEBIT,INTERNAL,2026-07-06 05:41:40
INT-0000394,2026-07-06,M009-baf3a8c8,273899,GBP,DEBIT,INTERNAL,2026-07-06 00:43:19
INT-0000395,2026-07-06,M012-9f5c0266,145108,USD,DEBIT,INTERNAL,2026-07-06 12:06:04
INT-0000396,2026-07-06,M005-71d83342,163618,EUR,DEBIT,INTERNAL,2026-07-06 08:18:02
INT-0000397,2026-07-06,M005-1fcd2549,439605,JPY,DEBIT,INTERNAL,2026-07-06 07:01:28
INT-0000398,2026-07-06,M004-53e5356b,11926,USD,DEBIT,INTERNAL,2026-07-06 11:56:06
INT-0000399,2026-07-06,M007-acd8e7f0,63880,GBP,DEBIT,INTERNAL,2026-07-06 15:49:05
INT-0000400,2026-07-06,M006-b1e1e0ee,94818,EUR,DEBIT,INTERNAL,2026-07-06 05:32:34
INT-0000401,2026-07-06,M020-414f5c50,346630,GBP,DEBIT,INTERNAL,2026-07-06 14:24:55
INT-0000402,2026-07-06,M017-d6cdaf5a,443243,USD,DEBIT,INTERNAL,2026-07-06 13:10:42
INT-0000403,2026-07-06,M007-0aa8a5f8,474341,GBP,DEBIT,INTERNAL,2026-07-06 07:40:50
INT-0000404,2026-07-06,M003-4d2d9d02,488198,JPY,DEBIT,INTERNAL,2026-07-06 01:41:25
INT-0000405,2026-07-06,M005-3de82eb3,197866,USD,DEBIT,INTERNAL,2026-07-06 10:04:19
INT-0000406,2026-07-06,M003-6d8eacf3,146199,GBP,DEBIT,INTERNAL,2026-07-06 13:29:23
INT-0000407,2026-07-06,M002-c781ef02,184851,EUR,DEBIT,INTERNAL,2026-07-06 23:11:14
INT-0000408,2026-07-06,M007-29a54358,315457,JPY,DEBIT,INTERNAL,2026-07-06 17:04:36
INT-0000409,2026-07-06,M006-8817592c,248956,EUR,DEBIT,INTERNAL,2026-07-06 08:08:58
INT-0000410,2026-07-06,M015-fa1c7ef6,52055,EUR,DEBIT,INTERNAL,2026-07-06 15:09:28
INT-0000411,2026-07-06,M006-c54fff8b,291016,USD,DEBIT,INTERNAL,2026-07-06 11:35:14
INT-0000412,2026-07-06,M019-3bc34f9a,85501,GBP,DEBIT,INTERNAL,2026-07-06 12:28:52
INT-0000413,2026-07-06,M018-a6e39ebb,165050,EUR,DEBIT,INTERNAL,2026-07-06 01:02:37
INT-0000414,2026-07-06,M007-69972d06,189424,EUR,DEBIT,INTERNAL,2026-07-06 06:51:25
INT-0000415,2026-07-06,M007-3936081d,395397,USD,DEBIT,INTERNAL,2026-07-06 08:38:17
INT-0000416,2026-07-06,M011-b5065736,270599,USD,DEBIT,INTERNAL,2026-07-06 15:08:12
INT-0000417,2026-07-06,M009-c02d384d,354301,GBP,DEBIT,INTERNAL,2026-07-06 13:59:11
INT-0000418,2026-07-06,M001-c5bb4bb8,29046,USD,DEBIT,INTERNAL,2026-07-06 15:33:59
INT-0000419,2026-07-06,M006-33593fde,80017,EUR,DEBIT,INTERNAL,2026-07-06 05:26:17
INT-0000420,2026-07-06,M001-4707b72f,124325,USD,DEBIT,INTERNAL,2026-07-06 15:23:19
INT-0000421,2026-07-06,M014-71e71562,250254,GBP,DEBIT,INTERNAL,2026-07-06 01:30:48
INT-0000422,2026-07-06,M011-2d92e745,178138,USD,DEBIT,INTERNAL,2026-07-06 23:37:23
INT-0000423,2026-07-06,M011-d51f3519,370754,USD,DEBIT,INTERNAL,2026-07-06 18:41:51
INT-0000424,2026-07-06,M011-6c576d8e,54218,USD,DEBIT,INTERNAL,2026-07-06 18:57:57
INT-0000425,2026-07-06,M001-36d29ba7,347506,EUR,DEBIT,INTERNAL,2026-07-06 14:30:15
INT-0000426,2026-07-06,M011-dd242216,20371,EUR,DEBIT,INTERNAL,2026-07-06 14:35:27
INT-0000427,2026-07-06,M004-863fe92f,263850,JPY,DEBIT,INTERNAL,2026-07-06 17:47:01
INT-0000428,2026-07-06,M003-05123a71,229786,JPY,DEBIT,INTERNAL,2026-07-06 04:37:33
INT-0000429,2026-07-06,M009-d85ee504,89915,GBP,DEBIT,INTERNAL,2026-07-06 13:21:06
INT-0000430,2026-07-06,M008-33c27041,346021,EUR,DEBIT,INTERNAL,2026-07-06 09:29:27
INT-0000431,2026-07-06,M003-e696fa4b,309915,GBP,DEBIT,INTERNAL,2026-07-06 11:35:21
INT-0000432,2026-07-06,M018-40dd5198,325311,EUR,DEBIT,INTERNAL,2026-07-06 10:06:01
INT-0000433,2026-07-06,M015-7c99c18f,271763,GBP,DEBIT,INTERNAL,2026-07-06 17:20:36
INT-0000434,2026-07-06,M007-9eb2b67d,452511,JPY,DEBIT,INTERNAL,2026-07-06 13:01:56
INT-0000435,2026-07-06,M009-81abd1d9,364093,GBP,DEBIT,INTERNAL,2026-07-06 00:36:36
INT-0000436,2026-07-06,M008-35f3b68f,177140,GBP,DEBIT,INTERNAL,2026-07-06 17:11:36
INT-0000437,2026-07-06,M014-4a455b81,151795,JPY,DEBIT,INTERNAL,2026-07-06 15:20:11
INT-0000438,2026-07-06,M008-1dd64b33,19741,GBP,DEBIT,INTERNAL,2026-07-06 06:18:03
INT-0000439,2026-07-06,M015-0cc5c0b3,312595,JPY,DEBIT,INTERNAL,2026-07-06 09:17:39
INT-0000440,2026-07-06,M011-66079367,356795,EUR,DEBIT,INTERNAL,2026-07-06 01:16:36
INT-0000441,2026-07-06,M019-a2e376e9,64087,GBP,DEBIT,INTERNAL,2026-07-06 01:19:30
INT-0000442,2026-07-06,M012-3ac7d7a7,473567,USD,DEBIT,INTERNAL,2026-07-06 08:18:36
INT-0000443,2026-07-06,M002-fe01ce75,141628,GBP,DEBIT,INTERNAL,2026-07-06 17:05:23
INT-0000444,2026-07-06,M016-8e29e602,84283,JPY,DEBIT,INTERNAL,2026-07-06 03:48:30
INT-0000445,2026-07-06,M006-de9bb53f,3019,GBP,DEBIT,INTERNAL,2026-07-06 15:45:00
INT-0000446,2026-07-06,M010-ba892b3b,116093,EUR,DEBIT,INTERNAL,2026-07-06 14:06:35
INT-0000447,2026-07-06,M018-3a5d0b7c,72618,GBP,DEBIT,INTERNAL,2026-07-06 11:57:28
INT-0000448,2026-07-06,M012-5e5b10c7,135959,JPY,DEBIT,INTERNAL,2026-07-06 08:28:23
INT-0000449,2026-07-06,M011-ff652558,354760,JPY,DEBIT,INTERNAL,2026-07-06 01:32:08
INT-0000450,2026-07-06,M017-5a94f348,368622,EUR,DEBIT,INTERNAL,2026-07-06 22:19:13
INT-0000451,2026-07-06,M007-a4bfe513,352753,EUR,DEBIT,INTERNAL,2026-07-06 16:06:42
INT-0000452,2026-07-06,M019-5007e2e7,140785,EUR,DEBIT,INTERNAL,2026-07-06 02:33:22
INT-0000453,2026-07-06,M007-a04ab220,471605,GBP,DEBIT,INTERNAL,2026-07-06 23:05:40
INT-0000454,2026-07-06,M004-8926e801,84219,USD,DEBIT,INTERNAL,2026-07-06 10:39:09
INT-0000455,2026-07-06,M008-f4cece67,48465,GBP,DEBIT,INTERNAL,2026-07-06 20:06:13
INT-0000456,2026-07-06,M017-c1736ebe,70337,EUR,DEBIT,INTERNAL,2026-07-06 11:07:37
INT-0000457,2026-07-06,M017-bc65bfc5,14430,JPY,DEBIT,INTERNAL,2026-07-06 22:43:33
INT-0000458,2026-07-06,M005-f667b388,482081,JPY,DEBIT,INTERNAL,2026-07-06 06:43:11
INT-0000459,2026-07-06,M004-6ad09844,148296,JPY,DEBIT,INTERNAL,2026-07-06 13:43:18
INT-0000460,2026-07-06,M006-dedd634d,352941,GBP,DEBIT,INTERNAL,2026-07-06 03:28:55
INT-0000461,2026-07-06,M005-dc843565,116467,GBP,DEBIT,INTERNAL,2026-07-06 23:27:41
INT-0000462,2026-07-06,M018-f306e13d,231014,EUR,DEBIT,INTERNAL,2026-07-06 23:30:45
INT-0000463,2026-07-06,M010-5bb3f259,493069,EUR,DEBIT,INTERNAL,2026-07-06 20:51:22
INT-0000464,2026-07-06,M018-16762882,31909,USD,DEBIT,INTERNAL,2026-07-06 20:50:44
INT-0000465,2026-07-06,M006-e7b7d370,595,GBP,DEBIT,INTERNAL,2026-07-06 10:55:37
INT-0000466,2026-07-06,M004-076b1acd,366013,JPY,DEBIT,INTERNAL,2026-07-06 17:51:05
INT-0000467,2026-07-06,M018-d2edf85d,117822,JPY,DEBIT,INTERNAL,2026-07-06 11:22:36
INT-0000468,2026-07-06,M014-6e732bd0,347009,EUR,DEBIT,INTERNAL,2026-07-06 01:47:16
INT-0000469,2026-07-06,M007-9d64c090,429284,JPY,DEBIT,INTERNAL,2026-07-06 04:46:06
INT-0000470,2026-07-06,M011-41291995,177039,EUR,DEBIT,INTERNAL,2026-07-06 02:28:18
INT-0000471,2026-07-06,M003-5cd33e9f,13689,GBP,DEBIT,INTERNAL,2026-07-06 13:25:26
INT-0000472,2026-07-06,M013-c6afcc83,228733,USD,DEBIT,INTERNAL,2026-07-06 08:18:11
INT-0000473,2026-07-06,M015-4ec8b45d,458695,GBP,DEBIT,INTERNAL,2026-07-06 07:23:31
INT-0000474,2026-07-06,M009-0d21e9e2,64882,EUR,DEBIT,INTERNAL,2026-07-06 20:25:11
INT-0000475,2026-07-06,M013-cb4f2004,265855,GBP,DEBIT,INTERNAL,2026-07-06 00:42:14
INT-0000476,2026-07-06,M003-249de87a,290304,USD,DEBIT,INTERNAL,2026-07-06 07:04:50
INT-0000477,2026-07-06,M002-d9133d26,285258,USD,DEBIT,INTERNAL,2026-07-06 23:53:47
INT-0000478,2026-07-06,M009-d09ea982,152230,JPY,DEBIT,INTERNAL,2026-07-06 06:47:44
INT-0000479,2026-07-06,M011-a99b7d87,193828,EUR,DEBIT,INTERNAL,2026-07-06 04:11:04
INT-0000480,2026-07-06,M015-6440285b,496546,GBP,DEBIT,INTERNAL,2026-07-06 22:16:44
INT-0000481,2026-07-06,M020-53935fd1,209797,EUR,DEBIT,INTERNAL,2026-07-06 16:50:27
INT-0000482,2026-07-06,M013-6b9ccc6c,359719,JPY,DEBIT,INTERNAL,2026-07-06 15:28:03
INT-0000483,2026-07-06,M017-12725b8e,292106,GBP,DEBIT,INTERNAL,2026-07-06 16:57:04
INT-0000484,2026-07-06,M010-55246fa3,419346,GBP,DEBIT,INTERNAL,2026-07-06 06:41:50
INT-0000485,2026-07-06,M005-99286c0d,445046,EUR,DEBIT,INTERNAL,2026-07-06 11:58:54
INT-0000486,2026-07-06,M015-c037c870,231487,USD,DEBIT,INTERNAL,2026-07-06 22:59:08
INT-0000487,2026-07-06,M015-27e961b1,305636,JPY,DEBIT,INTERNAL,2026-07-06 18:21:05
INT-0000488,2026-07-06,M004-f4c4e8bc,330103,USD,DEBIT,INTERNAL,2026-07-06 21:21:31
INT-0000489,2026-07-06,M003-69a1b31a,314646,GBP,DEBIT,INTERNAL,2026-07-06 15:47:27
INT-0000490,2026-07-06,M009-eeeea353,491926,GBP,DEBIT,INTERNAL,2026-07-06 15:39:28
INT-0000491,2026-07-06,M005-fa6aef15,71667,EUR,DEBIT,INTERNAL,2026-07-06 07:36:45
INT-0000492,2026-07-06,M002-2e00fd2d,234344,EUR,DEBIT,INTERNAL,2026-07-06 02:46:02
INT-0000493,2026-07-06,M005-7a9fdc10,307883,USD,DEBIT,INTERNAL,2026-07-06 14:57:34
INT-0000494,2026-07-06,M020-a0031dff,106703,JPY,DEBIT,INTERNAL,2026-07-06 08:03:54
INT-0000495,2026-07-06,M004-0c8d2fc3,304800,JPY,DEBIT,INTERNAL,2026-07-06 11:29:27
INT-0000496,2026-07-06,M013-03f91d80,261614,USD,DEBIT,INTERNAL,2026-07-06 15:44:15
INT-0000497,2026-07-06,M008-c391a97c,302998,GBP,DEBIT,INTERNAL,2026-07-06 17:03:31
INT-0000498,2026-07-06,M019-4f91904a,226181,USD,DEBIT,INTERNAL,2026-07-06 16:44:49
INT-0000499,2026-07-06,M002-587c7a43,16694,EUR,DEBIT,INTERNAL,2026-07-06 23:35:58
INT-0000500,2026-07-06,M017-4e59b08f,499490,JPY,DEBIT,INTERNAL,2026-07-06 12:36:00
INT-0000501,2026-07-06,M004-c2aa24c4,440024,EUR,DEBIT,INTERNAL,2026-07-06 00:02:04
INT-0000502,2026-07-06,M018-e4f36497,304802,USD,DEBIT,INTERNAL,2026-07-06 04:26:04
INT-0000503,2026-07-06,M002-ea45ac4e,51664,GBP,DEBIT,INTERNAL,2026-07-06 06:37:26
INT-0000504,2026-07-06,M009-b4703690,71457,EUR,DEBIT,INTERNAL,2026-07-06 22:22:43
INT-0000505,2026-07-06,M004-5e32bc55,482861,GBP,DEBIT,INTERNAL,2026-07-06 16:59:31
INT-0000506,2026-07-06,M001-247e1de3,477016,USD,DEBIT,INTERNAL,2026-07-06 14:36:30
INT-0000507,2026-07-06,M008-eb4c29d9,374965,JPY,DEBIT,INTERNAL,2026-07-06 12:37:36
INT-0000508,2026-07-06,M004-e96f9c23,229480,EUR,DEBIT,INTERNAL,2026-07-06 11:50:44
INT-0000509,2026-07-06,M019-8f8c375d,452704,JPY,DEBIT,INTERNAL,2026-07-06 15:34:04
INT-0000510,2026-07-06,M001-ac32c49d,461994,JPY,DEBIT,INTERNAL,2026-07-06 13:55:19
INT-0000511,2026-07-06,M010-9f4580d0,234334,GBP,DEBIT,INTERNAL,2026-07-06 17:02:39
INT-0000512,2026-07-06,M018-d0ed6227,196699,JPY,DEBIT,INTERNAL,2026-07-06 07:46:42
INT-0000513,2026-07-06,M007-edbc3729,195322,JPY,DEBIT,INTERNAL,2026-07-06 20:59:23
INT-0000514,2026-07-06,M019-bd57da8c,399006,JPY,DEBIT,INTERNAL,2026-07-06 15:03:34
INT-0000515,2026-07-06,M016-6151b926,19987,JPY,DEBIT,INTERNAL,2026-07-06 18:11:20
INT-0000516,2026-07-06,M010-d212562c,472481,JPY,DEBIT,INTERNAL,2026-07-06 19:34:12
INT-0000517,2026-07-06,M017-4ad7312f,190013,GBP,DEBIT,INTERNAL,2026-07-06 02:26:13
INT-0000518,2026-07-06,M013-785e55eb,195189,GBP,DEBIT,INTERNAL,2026-07-06 16:13:36
INT-0000519,2026-07-06,M005-269b873a,400284,JPY,DEBIT,INTERNAL,2026-07-06 20:27:16
INT-0000520,2026-07-06,M020-edb9f779,7258,GBP,DEBIT,INTERNAL,2026-07-06 00:20:46
INT-0000521,2026-07-06,M012-c200caf6,300931,JPY,DEBIT,INTERNAL,2026-07-06 12:57:54
INT-0000522,2026-07-06,M018-f6af0894,257051,EUR,DEBIT,INTERNAL,2026-07-06 01:19:56
INT-0000523,2026-07-06,M015-f569ca03,149955,EUR,DEBIT,INTERNAL,2026-07-06 19:29:01
INT-0000524,2026-07-06,M007-93b4398d,91178,EUR,DEBIT,INTERNAL,2026-07-06 15:04:14
INT-0000525,2026-07-06,M015-a807a7a6,401514,GBP,DEBIT,INTERNAL,2026-07-06 20:25:50
INT-0000526,2026-07-06,M009-990846b3,13022,GBP,DEBIT,INTERNAL,2026-07-06 23:33:42
INT-0000527,2026-07-06,M011-d82ef9b1,266921,USD,DEBIT,INTERNAL,2026-07-06 06:32:33
INT-0000528,2026-07-06,M020-ffa47837,295026,GBP,DEBIT,INTERNAL,2026-07-06 06:36:41
INT-0000529,2026-07-06,M008-74fbfb16,103810,USD,DEBIT,INTERNAL,2026-07-06 19:03:29
INT-0000530,2026-07-06,M008-61a128b3,271922,JPY,DEBIT,INTERNAL,2026-07-06 17:20:13
INT-0000531,2026-07-06,M017-34c496af,417190,EUR,DEBIT,INTERNAL,2026-07-06 22:59:14
INT-0000532,2026-07-06,M016-6b0ff663,412205,GBP,DEBIT,INTERNAL,2026-07-06 14:29:24
INT-0000533,2026-07-06,M015-a436ab2d,315483,EUR,DEBIT,INTERNAL,2026-07-06 03:38:24
INT-0000534,2026-07-06,M010-f8a906f5,422843,JPY,DEBIT,INTERNAL,2026-07-06 16:51:11
INT-0000535,2026-07-06,M012-2140fe88,99178,JPY,DEBIT,INTERNAL,2026-07-06 02:18:45
INT-0000536,2026-07-06,M014-84e66740,277430,GBP,DEBIT,INTERNAL,2026-07-06 01:29:50
INT-0000537,2026-07-06,M019-db0dd13f,69271,GBP,DEBIT,INTERNAL,2026-07-06 17:43:15
INT-0000538,2026-07-06,M002-ff54c4d8,365092,JPY,DEBIT,INTERNAL,2026-07-06 04:57:10
INT-0000539,2026-07-06,M008-b356402a,241553,USD,DEBIT,INTERNAL,2026-07-06 23:34:26
INT-0000540,2026-07-06,M008-512ff6d9,25181,USD,DEBIT,INTERNAL,2026-07-06 15:13:28
INT-0000541,2026-07-06,M007-ef51b6a3,291397,EUR,DEBIT,INTERNAL,2026-07-06 21:40:31
INT-0000542,2026-07-06,M015-4180fd14,62003,USD,DEBIT,INTERNAL,2026-07-06 12:10:15
INT-0000543,2026-07-06,M014-bc4d8b92,227135,USD,DEBIT,INTERNAL,2026-07-06 08:44:38
INT-0000544,2026-07-06,M011-e53b1704,207705,USD,DEBIT,INTERNAL,2026-07-06 18:02:57
INT-0000545,2026-07-06,M010-177e8fec,353644,JPY,DEBIT,INTERNAL,2026-07-06 11:47:25
INT-0000546,2026-07-06,M006-e41d62ef,60462,GBP,DEBIT,INTERNAL,2026-07-06 12:43:32
INT-0000547,2026-07-06,M020-0dd737ea,52763,EUR,DEBIT,INTERNAL,2026-07-06 21:25:45
INT-0000548,2026-07-06,M011-5a2a038d,230976,USD,DEBIT,INTERNAL,2026-07-06 22:16:48
INT-0000549,2026-07-06,M006-e3a65948,442478,GBP,DEBIT,INTERNAL,2026-07-06 01:14:05
INT-0000550,2026-07-06,M019-98e656e4,234679,GBP,DEBIT,INTERNAL,2026-07-06 05:40:50
INT-0000551,2026-07-06,M011-cfc4b1d8,207645,EUR,DEBIT,INTERNAL,2026-07-06 11:06:11
INT-0000552,2026-07-06,M017-c844be64,358039,GBP,DEBIT,INTERNAL,2026-07-06 07:31:55
INT-0000553,2026-07-06,M011-5282639f,1746,GBP,DEBIT,INTERNAL,2026-07-06 15:46:11
INT-0000554,2026-07-06,M008-b1310582,432908,GBP,DEBIT,INTERNAL,2026-07-06 10:11:55
INT-0000555,2026-07-06,M019-fae1983c,101530,JPY,DEBIT,INTERNAL,2026-07-06 08:48:58
INT-0000556,2026-07-06,M012-6a988271,372347,GBP,DEBIT,INTERNAL,2026-07-06 03:40:08
INT-0000557,2026-07-06,M012-a8759535,343528,EUR,DEBIT,INTERNAL,2026-07-06 15:52:28
INT-0000558,2026-07-06,M005-e51b20a4,469227,JPY,DEBIT,INTERNAL,2026-07-06 21:07:31
INT-0000559,2026-07-06,M005-5d49a54e,154826,GBP,DEBIT,INTERNAL,2026-07-06 03:56:55
INT-0000560,2026-07-06,M013-c4a7cb2a,67032,EUR,DEBIT,INTERNAL,2026-07-06 11:01:56
INT-0000561,2026-07-06,M015-3834aad0,401723,USD,DEBIT,INTERNAL,2026-07-06 19:30:21
INT-0000562,2026-07-06,M004-8a1483bb,370544,EUR,DEBIT,INTERNAL,2026-07-06 15:20:46
INT-0000563,2026-07-06,M005-1a9a3a1b,242004,JPY,DEBIT,INTERNAL,2026-07-06 23:45:34
INT-0000564,2026-07-06,M017-be842926,358972,JPY,DEBIT,INTERNAL,2026-07-06 12:57:53
INT-0000565,2026-07-06,M014-95d24734,21598,USD,DEBIT,INTERNAL,2026-07-06 19:15:27
INT-0000566,2026-07-06,M015-17074c45,488442,USD,DEBIT,INTERNAL,2026-07-06 08:40:18
INT-0000567,2026-07-06,M019-07a9f1bd,251595,JPY,DEBIT,INTERNAL,2026-07-06 10:06:59
INT-0000568,2026-07-06,M020-a0f40afc,68247,JPY,DEBIT,INTERNAL,2026-07-06 20:29:18
INT-0000569,2026-07-06,M001-f22ca78e,24250,JPY,DEBIT,INTERNAL,2026-07-06 04:29:01
INT-0000570,2026-07-06,M015-bf6d2d3b,304614,JPY,DEBIT,INTERNAL,2026-07-06 11:13:43
INT-0000571,2026-07-06,M018-7777a0c8,482570,JPY,DEBIT,INTERNAL,2026-07-06 07:35:39
INT-0000572,2026-07-06,M001-c95fee9c,158094,JPY,DEBIT,INTERNAL,2026-07-06 20:25:38
INT-0000573,2026-07-06,M006-578b3a0b,448018,USD,DEBIT,INTERNAL,2026-07-06 17:46:50
INT-0000574,2026-07-06,M013-aa94502e,496395,USD,DEBIT,INTERNAL,2026-07-06 12:18:29
INT-0000575,2026-07-06,M011-30b6d8a8,491553,EUR,DEBIT,INTERNAL,2026-07-06 18:16:21
INT-0000576,2026-07-06,M003-b2c80bd0,365522,GBP,DEBIT,INTERNAL,2026-07-06 20:24:44
INT-0000577,2026-07-06,M009-17e3a28b,193025,USD,DEBIT,INTERNAL,2026-07-06 01:47:47
INT-0000578,2026-07-06,M015-58af8d62,417096,JPY,DEBIT,INTERNAL,2026-07-06 08:35:47
INT-0000579,2026-07-06,M001-a5dd9d60,77209,USD,DEBIT,INTERNAL,2026-07-06 15:59:48
INT-0000580,2026-07-06,M018-e500ba01,67613,EUR,DEBIT,INTERNAL,2026-07-06 09:18:03
INT-0000581,2026-07-06,M008-e6273773,308763,EUR,DEBIT,INTERNAL,2026-07-06 03:51:16
INT-0000582,2026-07-06,M004-f5cf5ace,228496,GBP,DEBIT,INTERNAL,2026-07-06 11:30:00
INT-0000583,2026-07-06,M004-f327b42d,237962,USD,DEBIT,INTERNAL,2026-07-06 20:25:46
INT-0000584,2026-07-06,M016-df5e935a,360008,JPY,DEBIT,INTERNAL,2026-07-06 04:58:55
INT-0000585,2026-07-06,M020-cfd467ba,130414,EUR,DEBIT,INTERNAL,2026-07-06 16:13:44
INT-0000586,2026-07-06,M010-ee0c21d6,250316,USD,DEBIT,INTERNAL,2026-07-06 06:33:45
INT-0000587,2026-07-06,M007-6b68607a,217348,GBP,DEBIT,INTERNAL,2026-07-06 11:50:43
INT-0000588,2026-07-06,M017-030cdeb0,19649,USD,DEBIT,INTERNAL,2026-07-06 10:53:16
INT-0000589,2026-07-06,M020-15ea8e09,74709,JPY,DEBIT,INTERNAL,2026-07-06 21:24:13
INT-0000590,2026-07-06,M012-e0d3f238,35947,USD,DEBIT,INTERNAL,2026-07-06 02:38:33
INT-0000591,2026-07-06,M013-0d502577,63606,EUR,DEBIT,INTERNAL,2026-07-06 11:49:50
INT-0000592,2026-07-06,M011-bd4f6906,451480,JPY,DEBIT,INTERNAL,2026-07-06 02:11:44
INT-0000593,2026-07-06,M014-791ac7dc,390788,EUR,DEBIT,INTERNAL,2026-07-06 16:24:01
INT-0000594,2026-07-06,M004-3f121614,163724,USD,DEBIT,INTERNAL,2026-07-06 19:42:40
INT-0000595,2026-07-06,M020-dc78b4ae,325982,EUR,DEBIT,INTERNAL,2026-07-06 20:33:24
INT-0000596,2026-07-06,M006-e1967f9b,139006,JPY,DEBIT,INTERNAL,2026-07-06 18:32:39
INT-0000597,2026-07-06,M018-7405f508,39042,EUR,DEBIT,INTERNAL,2026-07-06 04:04:23
INT-0000598,2026-07-06,M007-7a4d8baa,1795,JPY,DEBIT,INTERNAL,2026-07-06 09:27:56
INT-0000599,2026-07-06,M017-f072fe6f,387557,GBP,DEBIT,INTERNAL,2026-07-06 21:38:51
INT-0000600,2026-07-06,M004-0a56c206,294756,JPY,DEBIT,INTERNAL,2026-07-06 04:16:16
INT-0000601,2026-07-06,M010-5eb36c86,465239,USD,DEBIT,INTERNAL,2026-07-06 04:12:21
INT-0000602,2026-07-06,M019-78cd3d55,353532,USD,DEBIT,INTERNAL,2026-07-06 15:09:40
INT-0000603,2026-07-06,M009-46f56754,336172,EUR,DEBIT,INTERNAL,2026-07-06 23:11:52
INT-0000604,2026-07-06,M016-27200323,364530,GBP,DEBIT,INTERNAL,2026-07-06 11:37:31
INT-0000605,2026-07-06,M008-bcd51966,278193,JPY,DEBIT,INTERNAL,2026-07-06 12:22:52
INT-0000606,2026-07-06,M013-df72fdd8,476808,JPY,DEBIT,INTERNAL,2026-07-06 08:25:08
INT-0000607,2026-07-06,M014-1efb0f59,372826,GBP,DEBIT,INTERNAL,2026-07-06 18:02:28
INT-0000608,2026-07-06,M016-5eebf8ac,39796,JPY,DEBIT,INTERNAL,2026-07-06 02:34:09
INT-0000609,2026-07-06,M015-2b94baad,328701,USD,DEBIT,INTERNAL,2026-07-06 20:22:02
INT-0000610,2026-07-06,M001-b7cac4e1,70058,EUR,DEBIT,INTERNAL,2026-07-06 07:30:20
INT-0000611,2026-07-06,M020-429bdf9c,175824,EUR,DEBIT,INTERNAL,2026-07-06 01:18:35
INT-0000612,2026-07-06,M012-77f85f36,144992,EUR,DEBIT,INTERNAL,2026-07-06 18:48:17
INT-0000613,2026-07-06,M003-233bf7f2,265541,JPY,DEBIT,INTERNAL,2026-07-06 09:18:35
INT-0000614,2026-07-06,M016-f4156f47,135665,GBP,DEBIT,INTERNAL,2026-07-06 05:29:09
INT-0000615,2026-07-06,M015-87939185,57029,USD,DEBIT,INTERNAL,2026-07-06 14:28:34
INT-0000616,2026-07-06,M005-046b991a,70591,JPY,DEBIT,INTERNAL,2026-07-06 17:06:45
INT-0000617,2026-07-06,M003-e483476e,204235,EUR,DEBIT,INTERNAL,2026-07-06 09:15:42
INT-0000618,2026-07-06,M011-c5548c0f,170290,JPY,DEBIT,INTERNAL,2026-07-06 18:50:41
INT-0000619,2026-07-06,M014-771a22cb,117598,EUR,DEBIT,INTERNAL,2026-07-06 03:48:19
INT-0000620,2026-07-06,M017-3fea2a23,283292,EUR,DEBIT,INTERNAL,2026-07-06 18:30:55
INT-0000621,2026-07-06,M011-1ab3f7f3,123897,USD,DEBIT,INTERNAL,2026-07-06 09:35:27
INT-0000622,2026-07-06,M005-00258863,320566,USD,DEBIT,INTERNAL,2026-07-06 04:52:59
INT-0000623,2026-07-06,M008-6d133751,95604,USD,DEBIT,INTERNAL,2026-07-06 22:05:11
INT-0000624,2026-07-06,M004-cbf172e1,132029,GBP,DEBIT,INTERNAL,2026-07-06 13:47:18
INT-0000625,2026-07-06,M014-d51af040,303221,JPY,DEBIT,INTERNAL,2026-07-06 13:52:07
INT-0000626,2026-07-06,M009-fe293840,280336,GBP,DEBIT,INTERNAL,2026-07-06 21:48:37
INT-0000627,2026-07-06,M008-7ba849b7,401621,JPY,DEBIT,INTERNAL,2026-07-06 18:11:18
INT-0000628,2026-07-06,M019-ae895cb7,14174,USD,DEBIT,INTERNAL,2026-07-06 10:55:06
INT-0000629,2026-07-06,M015-819ffdf0,61865,USD,DEBIT,INTERNAL,2026-07-06 07:54:16
INT-0000630,2026-07-06,M010-fc0ab620,243917,USD,DEBIT,INTERNAL,2026-07-06 01:56:58
INT-0000631,2026-07-06,M016-52c0bc31,486579,GBP,DEBIT,INTERNAL,2026-07-06 09:05:36
INT-0000632,2026-07-06,M020-325628ed,23666,EUR,DEBIT,INTERNAL,2026-07-06 12:33:14
INT-0000633,2026-07-06,M005-b032e3a5,454361,EUR,DEBIT,INTERNAL,2026-07-06 21:07:42
INT-0000634,2026-07-06,M005-6432cbf2,373165,JPY,DEBIT,INTERNAL,2026-07-06 01:40:55
INT-0000635,2026-07-06,M006-a897e8d9,258744,EUR,DEBIT,INTERNAL,2026-07-06 19:40:38
INT-0000636,2026-07-06,M008-fbc28f18,83258,EUR,DEBIT,INTERNAL,2026-07-06 10:47:29
INT-0000637,2026-07-06,M010-f4a1df65,45488,USD,DEBIT,INTERNAL,2026-07-06 03:27:26
INT-0000638,2026-07-06,M016-93ef4c0b,348116,EUR,DEBIT,INTERNAL,2026-07-06 11:16:56
INT-0000639,2026-07-06,M009-5f79e358,343276,USD,DEBIT,INTERNAL,2026-07-06 13:27:24
INT-0000640,2026-07-06,M018-dbb28fde,133952,EUR,DEBIT,INTERNAL,2026-07-06 00:25:02
INT-0000641,2026-07-06,M012-1f871a0a,360348,USD,DEBIT,INTERNAL,2026-07-06 05:19:30
INT-0000642,2026-07-06,M017-b923e7b8,55196,EUR,DEBIT,INTERNAL,2026-07-06 03:35:58
INT-0000643,2026-07-06,M002-6cd9bba6,36587,EUR,DEBIT,INTERNAL,2026-07-06 23:31:30
INT-0000644,2026-07-06,M016-f0661a54,99287,USD,DEBIT,INTERNAL,2026-07-06 13:14:54
INT-0000645,2026-07-06,M012-6e5a2af6,497183,EUR,DEBIT,INTERNAL,2026-07-06 12:52:47
INT-0000646,2026-07-06,M018-ea25bcb2,28061,USD,DEBIT,INTERNAL,2026-07-06 02:14:42
INT-0000647,2026-07-06,M015-8f4642cd,429884,JPY,DEBIT,INTERNAL,2026-07-06 20:07:55
INT-0000648,2026-07-06,M002-d3eddac8,448615,EUR,DEBIT,INTERNAL,2026-07-06 09:28:43
INT-0000649,2026-07-06,M017-b6b1bb59,369461,EUR,DEBIT,INTERNAL,2026-07-06 04:49:35
INT-0000650,2026-07-06,M007-38fda97e,281807,GBP,DEBIT,INTERNAL,2026-07-06 19:25:17
INT-0000651,2026-07-06,M012-93f4b55a,221670,JPY,DEBIT,INTERNAL,2026-07-06 03:07:37
INT-0000652,2026-07-06,M008-e4822fde,437978,EUR,DEBIT,INTERNAL,2026-07-06 06:39:36
INT-0000653,2026-07-06,M012-322c2b9b,496520,JPY,DEBIT,INTERNAL,2026-07-06 13:35:49
INT-0000654,2026-07-06,M009-27be5d04,110534,USD,DEBIT,INTERNAL,2026-07-06 04:40:53
INT-0000655,2026-07-06,M012-ad4d4f86,323354,GBP,DEBIT,INTERNAL,2026-07-06 09:47:37
INT-0000656,2026-07-06,M014-81264a12,434271,GBP,DEBIT,INTERNAL,2026-07-06 20:59:59
INT-0000657,2026-07-06,M017-96176412,197879,EUR,DEBIT,INTERNAL,2026-07-06 06:44:59
INT-0000658,2026-07-06,M018-fac1d1cb,188506,JPY,DEBIT,INTERNAL,2026-07-06 04:06:12
INT-0000659,2026-07-06,M020-1450c057,290164,USD,DEBIT,INTERNAL,2026-07-06 07:17:24
INT-0000660,2026-07-06,M020-50df16f2,294391,USD,DEBIT,INTERNAL,2026-07-06 15:52:23
INT-0000661,2026-07-06,M013-e71e5cf2,307902,USD,DEBIT,INTERNAL,2026-07-06 21:08:59
INT-0000662,2026-07-06,M019-cb78f134,246230,GBP,DEBIT,INTERNAL,2026-07-06 01:35:32
INT-0000663,2026-07-06,M001-ec9d6107,440777,JPY,DEBIT,INTERNAL,2026-07-06 22:38:46
INT-0000664,2026-07-06,M004-724bd0b3,46716,EUR,DEBIT,INTERNAL,2026-07-06 01:20:32
INT-0000665,2026-07-06,M015-3e2fbb32,216408,EUR,DEBIT,INTERNAL,2026-07-06 06:41:49
INT-0000666,2026-07-06,M020-6f4f56a7,190579,EUR,DEBIT,INTERNAL,2026-07-06 16:59:59
INT-0000667,2026-07-06,M010-dc7fdfbf,205973,JPY,DEBIT,INTERNAL,2026-07-06 00:29:42
INT-0000668,2026-07-06,M007-956226b4,151531,GBP,DEBIT,INTERNAL,2026-07-06 19:52:15
INT-0000669,2026-07-06,M003-a596e733,22514,EUR,DEBIT,INTERNAL,2026-07-06 09:53:21
INT-0000670,2026-07-06,M001-e955d524,422156,USD,DEBIT,INTERNAL,2026-07-06 19:58:17
INT-0000671,2026-07-06,M014-082c8f24,148795,USD,DEBIT,INTERNAL,2026-07-06 17:01:02
INT-0000672,2026-07-06,M006-b1462115,164628,USD,DEBIT,INTERNAL,2026-07-06 23:05:51
INT-0000673,2026-07-06,M009-6ba2f4be,365839,USD,DEBIT,INTERNAL,2026-07-06 04:30:43
INT-0000674,2026-07-06,M016-27556a37,90235,USD,DEBIT,INTERNAL,2026-07-06 18:00:16
INT-0000675,2026-07-06,M011-bb2b9b7c,170610,USD,DEBIT,INTERNAL,2026-07-06 02:28:12
INT-0000676,2026-07-06,M019-90482a0f,73972,GBP,DEBIT,INTERNAL,2026-07-06 08:11:19
INT-0000677,2026-07-06,M018-88f657eb,268001,USD,DEBIT,INTERNAL,2026-07-06 05:39:32
INT-0000678,2026-07-06,M001-03ff9e25,140289,GBP,DEBIT,INTERNAL,2026-07-06 20:10:14
INT-0000679,2026-07-06,M005-c028716e,138959,GBP,DEBIT,INTERNAL,2026-07-06 04:02:44
INT-0000680,2026-07-06,M011-cf68f5a8,385811,EUR,DEBIT,INTERNAL,2026-07-06 19:09:34
INT-0000681,2026-07-06,M017-0e9d6be1,349905,EUR,DEBIT,INTERNAL,2026-07-06 18:52:42
INT-0000682,2026-07-06,M009-19d48dbe,432561,JPY,DEBIT,INTERNAL,2026-07-06 05:27:42
INT-0000683,2026-07-06,M018-3208d327,357478,GBP,DEBIT,INTERNAL,2026-07-06 00:23:27
INT-0000684,2026-07-06,M007-2127a74a,438014,GBP,DEBIT,INTERNAL,2026-07-06 19:11:09
INT-0000685,2026-07-06,M015-7f2013e4,71108,EUR,DEBIT,INTERNAL,2026-07-06 03:21:18
INT-0000686,2026-07-06,M005-1c899da3,393342,GBP,DEBIT,INTERNAL,2026-07-06 11:29:05
INT-0000687,2026-07-06,M019-bb23f8ca,151668,USD,DEBIT,INTERNAL,2026-07-06 21:46:32
INT-0000688,2026-07-06,M018-853074b0,148426,JPY,DEBIT,INTERNAL,2026-07-06 10:17:25
INT-0000689,2026-07-06,M018-f27608f4,151453,GBP,DEBIT,INTERNAL,2026-07-06 11:03:26
INT-0000690,2026-07-06,M017-4331f793,484522,GBP,DEBIT,INTERNAL,2026-07-06 03:18:30
INT-0000691,2026-07-06,M003-b7413d49,24909,JPY,DEBIT,INTERNAL,2026-07-06 04:24:10
INT-0000692,2026-07-06,M008-c51a6f88,250362,JPY,DEBIT,INTERNAL,2026-07-06 07:43:02
INT-0000693,2026-07-06,M007-461ee001,3080,JPY,DEBIT,INTERNAL,2026-07-06 14:15:01
INT-0000694,2026-07-06,M004-9b6f9e79,215625,GBP,DEBIT,INTERNAL,2026-07-06 11:25:02
INT-0000695,2026-07-06,M017-9c3a4fde,84185,GBP,DEBIT,INTERNAL,2026-07-06 22:54:29
INT-0000696,2026-07-06,M015-b5b4016a,469307,JPY,DEBIT,INTERNAL,2026-07-06 14:14:07
INT-0000697,2026-07-06,M006-d77a0a80,258979,JPY,DEBIT,INTERNAL,2026-07-06 04:47:57
INT-0000698,2026-07-06,M007-7c400712,472134,GBP,DEBIT,INTERNAL,2026-07-06 09:36:31
INT-0000699,2026-07-06,M014-27557721,324700,EUR,DEBIT,INTERNAL,2026-07-06 21:32:44
INT-0000700,2026-07-06,M003-12942542,99249,EUR,DEBIT,INTERNAL,2026-07-06 06:20:17
INT-0000701,2026-07-06,M010-9a11346c,443779,USD,DEBIT,INTERNAL,2026-07-06 00:03:37
INT-0000702,2026-07-06,M007-1e850681,81692,USD,DEBIT,INTERNAL,2026-07-06 04:34:37
INT-0000703,2026-07-06,M012-b4def16f,5365,JPY,DEBIT,INTERNAL,2026-07-06 05:57:44
INT-0000704,2026-07-06,M011-96e74263,15911,JPY,DEBIT,INTERNAL,2026-07-06 08:03:09
INT-0000705,2026-07-06,M013-f2b305c9,88553,JPY,DEBIT,INTERNAL,2026-07-06 22:10:59
INT-0000706,2026-07-06,M018-46288f9c,425831,EUR,DEBIT,INTERNAL,2026-07-06 05:16:21
INT-0000707,2026-07-06,M003-0a29d223,406794,GBP,DEBIT,INTERNAL,2026-07-06 02:01:15
INT-0000708,2026-07-06,M018-457d4b5c,276730,GBP,DEBIT,INTERNAL,2026-07-06 07:36:16
INT-0000709,2026-07-06,M001-034539a7,219991,USD,DEBIT,INTERNAL,2026-07-06 02:13:03
INT-0000710,2026-07-06,M007-fb15220c,21969,JPY,DEBIT,INTERNAL,2026-07-06 03:21:29
INT-0000711,2026-07-06,M018-0e8d9c1c,489801,GBP,DEBIT,INTERNAL,2026-07-06 09:10:24
INT-0000712,2026-07-06,M005-8c0c1677,209768,USD,DEBIT,INTERNAL,2026-07-06 18:25:15
INT-0000713,2026-07-06,M010-023b2e01,487619,GBP,DEBIT,INTERNAL,2026-07-06 04:19:31
INT-0000714,2026-07-06,M011-20cd5b68,78767,GBP,DEBIT,INTERNAL,2026-07-06 00:21:37
INT-0000715,2026-07-06,M011-e37285fb,496911,JPY,DEBIT,INTERNAL,2026-07-06 15:13:47
INT-0000716,2026-07-06,M016-0961ca8d,258769,JPY,DEBIT,INTERNAL,2026-07-06 08:52:27
INT-0000717,2026-07-06,M005-4b6fada1,220411,GBP,DEBIT,INTERNAL,2026-07-06 19:14:56
INT-0000718,2026-07-06,M005-25c4db18,349254,JPY,DEBIT,INTERNAL,2026-07-06 02:16:25
INT-0000719,2026-07-06,M007-03fda0bd,334430,EUR,DEBIT,INTERNAL,2026-07-06 11:49:27
INT-0000720,2026-07-06,M011-57afbf3d,461295,EUR,DEBIT,INTERNAL,2026-07-06 12:23:04
INT-0000721,2026-07-06,M001-cf23b51d,61416,JPY,DEBIT,INTERNAL,2026-07-06 16:30:25
INT-0000722,2026-07-06,M016-8aaa0729,93057,GBP,DEBIT,INTERNAL,2026-07-06 05:02:54
INT-0000723,2026-07-06,M011-71fd653e,102978,USD,DEBIT,INTERNAL,2026-07-06 20:49:24
INT-0000724,2026-07-06,M019-42f04e68,49783,EUR,DEBIT,INTERNAL,2026-07-06 10:24:00
INT-0000725,2026-07-06,M010-61a01f34,312442,JPY,DEBIT,INTERNAL,2026-07-06 18:52:20
INT-0000726,2026-07-06,M006-86fab38a,13162,JPY,DEBIT,INTERNAL,2026-07-06 02:11:41
INT-0000727,2026-07-06,M002-b7429ef3,391533,EUR,DEBIT,INTERNAL,2026-07-06 02:11:56
INT-0000728,2026-07-06,M015-d8ed7ba1,179035,GBP,DEBIT,INTERNAL,2026-07-06 13:01:47
INT-0000729,2026-07-06,M010-584ae2a4,106071,EUR,DEBIT,INTERNAL,2026-07-06 00:17:12
INT-0000730,2026-07-06,M005-c49312ce,144296,JPY,DEBIT,INTERNAL,2026-07-06 23:42:27
INT-0000731,2026-07-06,M008-7f0f1f2c,274756,GBP,DEBIT,INTERNAL,2026-07-06 06:09:56
INT-0000732,2026-07-06,M017-4d343a8d,282786,GBP,DEBIT,INTERNAL,2026-07-06 08:24:40
INT-0000733,2026-07-06,M013-1a1aac90,275104,USD,DEBIT,INTERNAL,2026-07-06 08:04:29
INT-0000734,2026-07-06,M017-9ccf4a73,200579,JPY,DEBIT,INTERNAL,2026-07-06 09:49:43
INT-0000735,2026-07-06,M014-296ea027,140523,USD,DEBIT,INTERNAL,2026-07-06 14:02:18
INT-0000736,2026-07-06,M005-48aa482d,119929,EUR,DEBIT,INTERNAL,2026-07-06 17:39:37
INT-0000737,2026-07-06,M016-b07f0f5e,491799,GBP,DEBIT,INTERNAL,2026-07-06 14:02:05
INT-0000738,2026-07-06,M016-e6a198c9,58529,GBP,DEBIT,INTERNAL,2026-07-06 08:22:27
INT-0000739,2026-07-06,M003-5c4b7c5e,195895,USD,DEBIT,INTERNAL,2026-07-06 21:27:13
INT-0000740,2026-07-06,M019-03d9f44d,355846,USD,DEBIT,INTERNAL,2026-07-06 00:57:10
INT-0000741,2026-07-06,M015-4f409454,220978,USD,DEBIT,INTERNAL,2026-07-06 23:25:04
INT-0000742,2026-07-06,M002-9039aa09,388477,USD,DEBIT,INTERNAL,2026-07-06 22:31:08
INT-0000743,2026-07-06,M020-a7cb76de,192406,GBP,DEBIT,INTERNAL,2026-07-06 21:23:04
INT-0000744,2026-07-06,M005-c8dbb4c5,116246,JPY,DEBIT,INTERNAL,2026-07-06 03:27:35
INT-0000745,2026-07-06,M012-9e90b0af,82040,USD,DEBIT,INTERNAL,2026-07-06 01:21:18
INT-0000746,2026-07-06,M005-5dfafffa,396054,JPY,DEBIT,INTERNAL,2026-07-06 20:27:45
INT-0000747,2026-07-06,M007-03cbd192,357481,JPY,DEBIT,INTERNAL,2026-07-06 13:44:27
INT-0000748,2026-07-06,M019-1ed3646f,190081,EUR,DEBIT,INTERNAL,2026-07-06 14:43:20
INT-0000749,2026-07-06,M012-df7571ca,422401,JPY,DEBIT,INTERNAL,2026-07-06 16:39:28
INT-0000750,2026-07-06,M007-38709027,439382,GBP,DEBIT,INTERNAL,2026-07-06 17:58:15
INT-0000751,2026-07-06,M013-e7bd9ba4,205006,JPY,DEBIT,INTERNAL,2026-07-06 14:12:58
INT-0000752,2026-07-06,M002-94cf783e,42319,EUR,DEBIT,INTERNAL,2026-07-06 20:22:09
INT-0000753,2026-07-06,M006-8511a8b6,397575,USD,DEBIT,INTERNAL,2026-07-06 13:00:22
INT-0000754,2026-07-06,M013-2dd0ddb7,17102,EUR,DEBIT,INTERNAL,2026-07-06 21:19:16
INT-0000755,2026-07-06,M020-5d4f6968,5539,EUR,DEBIT,INTERNAL,2026-07-06 22:41:59
INT-0000756,2026-07-06,M010-5e92b2ab,166703,GBP,DEBIT,INTERNAL,2026-07-06 19:15:34
INT-0000757,2026-07-06,M018-df341aa2,153202,EUR,DEBIT,INTERNAL,2026-07-06 01:35:40
INT-0000758,2026-07-06,M005-d12b1eaf,84612,USD,DEBIT,INTERNAL,2026-07-06 14:39:12
INT-0000759,2026-07-06,M010-bbadc62b,295786,JPY,DEBIT,INTERNAL,2026-07-06 19:28:48
INT-0000760,2026-07-06,M007-373f677f,116169,JPY,DEBIT,INTERNAL,2026-07-06 10:20:28
INT-0000761,2026-07-06,M010-ce6ef2c6,468516,GBP,DEBIT,INTERNAL,2026-07-06 10:10:30
INT-0000762,2026-07-06,M010-6cf8f891,304165,JPY,DEBIT,INTERNAL,2026-07-06 01:53:40
INT-0000763,2026-07-06,M008-2233fed3,456807,JPY,DEBIT,INTERNAL,2026-07-06 13:09:22
INT-0000764,2026-07-06,M011-2e38e107,281793,EUR,DEBIT,INTERNAL,2026-07-06 21:22:03
INT-0000765,2026-07-06,M015-3612a5c7,47835,EUR,DEBIT,INTERNAL,2026-07-06 04:31:58
INT-0000766,2026-07-06,M004-aeae08b2,449450,EUR,DEBIT,INTERNAL,2026-07-06 06:20:59
INT-0000767,2026-07-06,M001-5e53a224,444344,EUR,DEBIT,INTERNAL,2026-07-06 14:35:38
INT-0000768,2026-07-06,M016-3ad1f4c1,315123,EUR,DEBIT,INTERNAL,2026-07-06 20:09:25
INT-0000769,2026-07-06,M002-4596b72d,107533,GBP,DEBIT,INTERNAL,2026-07-06 18:42:21
INT-0000770,2026-07-06,M012-d8192419,153032,GBP,DEBIT,INTERNAL,2026-07-06 05:12:51
INT-0000771,2026-07-06,M014-93c3e0c5,169292,USD,DEBIT,INTERNAL,2026-07-06 20:19:03
INT-0000772,2026-07-06,M004-3acd6d05,35857,JPY,DEBIT,INTERNAL,2026-07-06 11:08:16
INT-0000773,2026-07-06,M020-a1091484,468122,GBP,DEBIT,INTERNAL,2026-07-06 21:58:05
INT-0000774,2026-07-06,M004-298dfe19,88824,GBP,DEBIT,INTERNAL,2026-07-06 23:20:59
INT-0000775,2026-07-06,M016-171d34b5,463776,GBP,DEBIT,INTERNAL,2026-07-06 07:22:12
INT-0000776,2026-07-06,M013-3213b6e3,234664,USD,DEBIT,INTERNAL,2026-07-06 18:24:25
INT-0000777,2026-07-06,M010-d2bd4b25,359307,JPY,DEBIT,INTERNAL,2026-07-06 19:30:57
INT-0000778,2026-07-06,M005-a16d3466,285740,JPY,DEBIT,INTERNAL,2026-07-06 03:36:17
INT-0000779,2026-07-06,M017-fc7ac1fd,323315,JPY,DEBIT,INTERNAL,2026-07-06 06:44:18
INT-0000780,2026-07-06,M004-cef1d2ca,374429,JPY,DEBIT,INTERNAL,2026-07-06 10:37:17
INT-0000781,2026-07-06,M011-ab6a14f4,40698,EUR,DEBIT,INTERNAL,2026-07-06 09:26:38
INT-0000782,2026-07-06,M002-d5930a2b,398405,USD,DEBIT,INTERNAL,2026-07-06 10:02:31
INT-0000783,2026-07-06,M011-5e854b0b,364710,GBP,DEBIT,INTERNAL,2026-07-06 03:25:22
INT-0000784,2026-07-06,M015-daded451,277807,USD,DEBIT,INTERNAL,2026-07-06 03:29:24
INT-0000785,2026-07-06,M005-2b8ea8d4,386126,GBP,DEBIT,INTERNAL,2026-07-06 11:25:05
INT-0000786,2026-07-06,M007-55901fc2,273560,JPY,DEBIT,INTERNAL,2026-07-06 05:16:54
INT-0000787,2026-07-06,M001-434cbf26,290990,EUR,DEBIT,INTERNAL,2026-07-06 13:03:25
INT-0000788,2026-07-06,M016-93830dcc,146228,JPY,DEBIT,INTERNAL,2026-07-06 11:57:11
INT-0000789,2026-07-06,M015-20a9642c,52305,JPY,DEBIT,INTERNAL,2026-07-06 20:57:02
INT-0000790,2026-07-06,M008-140968ec,113634,JPY,DEBIT,INTERNAL,2026-07-06 21:50:20
INT-0000791,2026-07-06,M019-be7d8515,149884,EUR,DEBIT,INTERNAL,2026-07-06 23:37:09
INT-0000792,2026-07-06,M019-f1b35428,121979,USD,DEBIT,INTERNAL,2026-07-06 14:06:51
INT-0000793,2026-07-06,M004-6a1a62bc,215186,EUR,DEBIT,INTERNAL,2026-07-06 22:47:19
INT-0000794,2026-07-06,M019-5caee3af,479324,EUR,DEBIT,INTERNAL,2026-07-06 11:03:57
INT-0000795,2026-07-06,M010-8cfdd2a5,98471,JPY,DEBIT,INTERNAL,2026-07-06 15:18:43
INT-0000796,2026-07-06,M015-070ce909,232881,JPY,DEBIT,INTERNAL,2026-07-06 16:10:15
INT-0000797,2026-07-06,M018-4438ce9e,28753,JPY,DEBIT,INTERNAL,2026-07-06 01:26:52
INT-0000798,2026-07-06,M003-7090bfb3,222400,USD,DEBIT,INTERNAL,2026-07-06 03:52:18
INT-0000799,2026-07-06,M020-2ec3f826,284272,GBP,DEBIT,INTERNAL,2026-07-06 12:56:04
INT-0000800,2026-07-06,M010-31436da8,395357,JPY,DEBIT,INTERNAL,2026-07-06 14:13:36
INT-0000801,2026-07-06,M018-b7ea5ebb,205453,JPY,DEBIT,INTERNAL,2026-07-06 13:22:59
INT-0000802,2026-07-06,M006-8b5ca627,284831,JPY,DEBIT,INTERNAL,2026-07-06 16:12:55
INT-0000803,2026-07-06,M019-4219d7ab,324724,JPY,DEBIT,INTERNAL,2026-07-06 04:51:34
INT-0000804,2026-07-06,M004-0dd91b6b,202179,USD,DEBIT,INTERNAL,2026-07-06 11:57:34
INT-0000805,2026-07-06,M015-0fc8db9c,421853,JPY,DEBIT,INTERNAL,2026-07-06 04:51:20
INT-0000806,2026-07-06,M004-fee9030f,7352,EUR,DEBIT,INTERNAL,2026-07-06 16:12:22
INT-0000807,2026-07-06,M002-1797d293,169195,JPY,DEBIT,INTERNAL,2026-07-06 17:13:46
INT-0000808,2026-07-06,M008-88f501ed,436917,EUR,DEBIT,INTERNAL,2026-07-06 01:06:15
INT-0000809,2026-07-06,M018-ff52e005,184977,USD,DEBIT,INTERNAL,2026-07-06 11:53:15
INT-0000810,2026-07-06,M015-eda40551,438646,EUR,DEBIT,INTERNAL,2026-07-06 18:24:09
INT-0000811,2026-07-06,M004-5c537de3,392649,USD,DEBIT,INTERNAL,2026-07-06 12:05:08
INT-0000812,2026-07-06,M005-483e76e3,174660,GBP,DEBIT,INTERNAL,2026-07-06 08:03:50
INT-0000813,2026-07-06,M003-3248d1c7,116300,EUR,DEBIT,INTERNAL,2026-07-06 01:43:03
INT-0000814,2026-07-06,M002-3ebc149d,369351,JPY,DEBIT,INTERNAL,2026-07-06 23:01:41
INT-0000815,2026-07-06,M016-98d669d7,257471,EUR,DEBIT,INTERNAL,2026-07-06 14:06:22
INT-0000816,2026-07-06,M009-7ab95e0e,188345,JPY,DEBIT,INTERNAL,2026-07-06 17:05:56
INT-0000817,2026-07-06,M018-c72cdba5,358464,EUR,DEBIT,INTERNAL,2026-07-06 09:30:41
INT-0000818,2026-07-06,M015-874de49e,317570,USD,DEBIT,INTERNAL,2026-07-06 15:42:59
INT-0000819,2026-07-06,M004-1a4bdacc,274189,GBP,DEBIT,INTERNAL,2026-07-06 19:38:50
INT-0000820,2026-07-06,M011-0eef6024,234831,GBP,DEBIT,INTERNAL,2026-07-06 11:51:00
INT-0000821,2026-07-06,M018-da6ddadb,384043,USD,DEBIT,INTERNAL,2026-07-06 16:17:05
INT-0000822,2026-07-06,M015-bf7de377,393107,USD,DEBIT,INTERNAL,2026-07-06 13:12:58
INT-0000823,2026-07-06,M010-10779955,312736,GBP,DEBIT,INTERNAL,2026-07-06 19:16:20
INT-0000824,2026-07-06,M006-bc29b54d,440951,EUR,DEBIT,INTERNAL,2026-07-06 23:05:53
INT-0000825,2026-07-06,M010-405f676c,403735,EUR,DEBIT,INTERNAL,2026-07-06 08:42:46
INT-0000826,2026-07-06,M011-bf675fe4,56565,JPY,DEBIT,INTERNAL,2026-07-06 08:22:32
INT-0000827,2026-07-06,M001-6dc8cff6,226479,USD,DEBIT,INTERNAL,2026-07-06 22:16:51
INT-0000828,2026-07-06,M004-dbc742d8,192663,GBP,DEBIT,INTERNAL,2026-07-06 10:44:48
INT-0000829,2026-07-06,M008-4cb707ed,28010,EUR,DEBIT,INTERNAL,2026-07-06 08:13:21
INT-0000830,2026-07-06,M006-de164aeb,345345,EUR,DEBIT,INTERNAL,2026-07-06 06:13:06
INT-0000831,2026-07-06,M009-dd404b77,85970,JPY,DEBIT,INTERNAL,2026-07-06 04:21:38
INT-0000832,2026-07-06,M018-05ddda35,408210,JPY,DEBIT,INTERNAL,2026-07-06 04:34:39
INT-0000833,2026-07-06,M007-4d598703,145990,GBP,DEBIT,INTERNAL,2026-07-06 02:10:58
INT-0000834,2026-07-06,M009-fad4f932,91078,GBP,DEBIT,INTERNAL,2026-07-06 02:01:37
INT-0000835,2026-07-06,M018-7d2b7e19,142797,JPY,DEBIT,INTERNAL,2026-07-06 16:47:17
INT-0000836,2026-07-06,M004-d4f9ad33,62725,USD,DEBIT,INTERNAL,2026-07-06 13:49:37
INT-0000837,2026-07-06,M020-9d5f3dbb,434406,JPY,DEBIT,INTERNAL,2026-07-06 09:33:16
INT-0000838,2026-07-06,M019-d70d65a4,324239,JPY,DEBIT,INTERNAL,2026-07-06 19:41:32
INT-0000839,2026-07-06,M018-1d47c561,463628,EUR,DEBIT,INTERNAL,2026-07-06 15:01:36
INT-0000840,2026-07-06,M012-b9b9f8f9,309891,JPY,DEBIT,INTERNAL,2026-07-06 14:24:10
INT-0000841,2026-07-06,M012-a1031a82,49081,USD,DEBIT,INTERNAL,2026-07-06 21:40:48
INT-0000842,2026-07-06,M014-9e201ebb,437142,JPY,DEBIT,INTERNAL,2026-07-06 02:30:21
INT-0000843,2026-07-06,M019-6ceadae8,144349,USD,DEBIT,INTERNAL,2026-07-06 04:50:53
INT-0000844,2026-07-06,M009-2d9a03e9,137526,GBP,DEBIT,INTERNAL,2026-07-06 06:22:38
INT-0000845,2026-07-06,M009-9993a538,273610,JPY,DEBIT,INTERNAL,2026-07-06 13:23:31
INT-0000846,2026-07-06,M019-b0005d06,165445,JPY,DEBIT,INTERNAL,2026-07-06 07:50:48
INT-0000847,2026-07-06,M020-6fe51fb2,283583,USD,DEBIT,INTERNAL,2026-07-06 17:12:13
INT-0000848,2026-07-06,M014-ae6aa0c3,88630,USD,DEBIT,INTERNAL,2026-07-06 08:14:42
INT-0000849,2026-07-06,M007-c4daabd6,172058,GBP,DEBIT,INTERNAL,2026-07-06 19:24:50
INT-0000850,2026-07-06,M014-3215a989,194918,GBP,DEBIT,INTERNAL,2026-07-06 08:28:04
INT-0000851,2026-07-06,M018-c0fb3564,406037,JPY,DEBIT,INTERNAL,2026-07-06 18:10:15
INT-0000852,2026-07-06,M002-237e90d9,286504,USD,DEBIT,INTERNAL,2026-07-06 15:07:59
INT-0000853,2026-07-06,M004-b7b1e38c,73314,GBP,DEBIT,INTERNAL,2026-07-06 14:06:31
INT-0000854,2026-07-06,M014-7fa276a0,227437,GBP,DEBIT,INTERNAL,2026-07-06 11:33:32
INT-0000855,2026-07-06,M020-378bdc25,469334,EUR,DEBIT,INTERNAL,2026-07-06 05:47:27
INT-0000856,2026-07-06,M007-0990dafd,424115,USD,DEBIT,INTERNAL,2026-07-06 18:18:08
INT-0000857,2026-07-06,M003-2fbff79b,241516,GBP,DEBIT,INTERNAL,2026-07-06 23:10:53
INT-0000858,2026-07-06,M008-dd5d48f2,155946,GBP,DEBIT,INTERNAL,2026-07-06 06:30:07
INT-0000859,2026-07-06,M008-f1d02141,20545,USD,DEBIT,INTERNAL,2026-07-06 06:12:14
INT-0000860,2026-07-06,M019-e8a4ca2a,370684,GBP,DEBIT,INTERNAL,2026-07-06 20:46:56
INT-0000861,2026-07-06,M014-8c5026c7,210374,USD,DEBIT,INTERNAL,2026-07-06 08:42:55
INT-0000862,2026-07-06,M013-15c85171,180524,JPY,DEBIT,INTERNAL,2026-07-06 00:55:16
INT-0000863,2026-07-06,M008-b25a98f4,325109,JPY,DEBIT,INTERNAL,2026-07-06 07:54:17
INT-0000864,2026-07-06,M004-6acbdfd3,201224,GBP,DEBIT,INTERNAL,2026-07-06 18:28:44
INT-0000865,2026-07-06,M010-686239a5,488697,GBP,DEBIT,INTERNAL,2026-07-06 05:58:25
INT-0000866,2026-07-06,M015-4b7b4b97,273337,JPY,DEBIT,INTERNAL,2026-07-06 18:39:11
INT-0000867,2026-07-06,M014-66f327f0,489240,USD,DEBIT,INTERNAL,2026-07-06 06:33:20
INT-0000868,2026-07-06,M013-5b721d9d,145341,JPY,DEBIT,INTERNAL,2026-07-06 20:47:27
INT-0000869,2026-07-06,M005-716e32aa,363091,JPY,DEBIT,INTERNAL,2026-07-06 11:37:46
INT-0000870,2026-07-06,M014-b9d5399e,388783,GBP,DEBIT,INTERNAL,2026-07-06 23:19:46
INT-0000871,2026-07-06,M015-94929cc7,310108,JPY,DEBIT,INTERNAL,2026-07-06 20:38:22
INT-0000872,2026-07-06,M009-1ad0c41f,330982,JPY,DEBIT,INTERNAL,2026-07-06 10:08:16
INT-0000873,2026-07-06,M001-c574eb63,50132,GBP,DEBIT,INTERNAL,2026-07-06 11:23:48
INT-0000874,2026-07-06,M011-436e6f7d,341173,USD,DEBIT,INTERNAL,2026-07-06 15:07:10
INT-0000875,2026-07-06,M013-e695973c,306222,JPY,DEBIT,INTERNAL,2026-07-06 07:41:27
INT-0000876,2026-07-06,M009-cdaec774,202538,JPY,DEBIT,INTERNAL,2026-07-06 22:02:19
INT-0000877,2026-07-06,M008-5b82cac2,250286,USD,DEBIT,INTERNAL,2026-07-06 04:01:16
INT-0000878,2026-07-06,M020-4debdabe,423539,GBP,DEBIT,INTERNAL,2026-07-06 22:55:57
INT-0000879,2026-07-06,M014-30fc952f,295563,JPY,DEBIT,INTERNAL,2026-07-06 16:15:43
INT-0000880,2026-07-06,M020-70cbcea7,409837,JPY,DEBIT,INTERNAL,2026-07-06 07:47:37
INT-0000881,2026-07-06,M011-de049ac8,146833,USD,DEBIT,INTERNAL,2026-07-06 14:33:37
INT-0000882,2026-07-06,M011-5c912396,57267,USD,DEBIT,INTERNAL,2026-07-06 20:08:08
INT-0000883,2026-07-06,M020-c2ea7b9b,73157,EUR,DEBIT,INTERNAL,2026-07-06 04:24:19
INT-0000884,2026-07-06,M007-c15ea400,458635,GBP,DEBIT,INTERNAL,2026-07-06 10:44:14
INT-0000885,2026-07-06,M005-baa0423f,438963,USD,DEBIT,INTERNAL,2026-07-06 02:20:32
INT-0000886,2026-07-06,M003-717c0978,413400,JPY,DEBIT,INTERNAL,2026-07-06 15:41:35
INT-0000887,2026-07-06,M010-c902bd41,318165,JPY,DEBIT,INTERNAL,2026-07-06 16:22:56
INT-0000888,2026-07-06,M006-2729899a,29176,GBP,DEBIT,INTERNAL,2026-07-06 06:10:13
INT-0000889,2026-07-06,M019-06c86e08,57719,JPY,DEBIT,INTERNAL,2026-07-06 22:43:22
INT-0000890,2026-07-06,M008-3edb9d1c,443267,USD,DEBIT,INTERNAL,2026-07-06 20:47:37
INT-0000891,2026-07-06,M020-f97e0327,139726,JPY,DEBIT,INTERNAL,2026-07-06 02:53:37
INT-0000892,2026-07-06,M002-add52a45,312743,USD,DEBIT,INTERNAL,2026-07-06 07:31:26
INT-0000893,2026-07-06,M017-338b538e,29948,USD,DEBIT,INTERNAL,2026-07-06 03:07:55
INT-0000894,2026-07-06,M013-c785db14,115282,USD,DEBIT,INTERNAL,2026-07-06 14:44:33
INT-0000895,2026-07-06,M008-224b045a,133731,EUR,DEBIT,INTERNAL,2026-07-06 12:30:49
INT-0000896,2026-07-06,M010-777d74d7,68220,GBP,DEBIT,INTERNAL,2026-07-06 15:47:30
INT-0000897,2026-07-06,M006-87389f50,195135,GBP,DEBIT,INTERNAL,2026-07-06 07:48:13
INT-0000898,2026-07-06,M002-4f50bb22,455651,EUR,DEBIT,INTERNAL,2026-07-06 07:32:10
INT-0000899,2026-07-06,M005-f9f46e3a,153884,EUR,DEBIT,INTERNAL,2026-07-06 17:46:40
INT-0000900,2026-07-06,M015-7f02df7c,436426,GBP,DEBIT,INTERNAL,2026-07-06 13:31:49
INT-0000901,2026-07-06,M005-d5d80a4b,441315,USD,DEBIT,INTERNAL,2026-07-06 08:58:21
INT-0000902,2026-07-06,M009-6de535be,35798,JPY,DEBIT,INTERNAL,2026-07-06 12:01:28
INT-0000903,2026-07-06,M004-620cc4f2,186713,GBP,DEBIT,INTERNAL,2026-07-06 20:59:51
INT-0000904,2026-07-06,M010-836465e7,93610,JPY,DEBIT,INTERNAL,2026-07-06 12:54:22
INT-0000905,2026-07-06,M011-224fa5fa,429682,USD,DEBIT,INTERNAL,2026-07-06 12:37:42
INT-0000906,2026-07-06,M015-c463f468,289898,GBP,DEBIT,INTERNAL,2026-07-06 22:33:11
INT-0000907,2026-07-06,M019-03f8c451,487306,GBP,DEBIT,INTERNAL,2026-07-06 06:14:17
INT-0000908,2026-07-06,M001-13102c16,476066,USD,DEBIT,INTERNAL,2026-07-06 11:21:37
INT-0000909,2026-07-06,M008-4266ee83,396592,GBP,DEBIT,INTERNAL,2026-07-06 09:39:51
INT-0000910,2026-07-06,M007-d0d3ce17,226513,JPY,DEBIT,INTERNAL,2026-07-06 05:05:28
INT-0000911,2026-07-06,M009-4056e69f,6933,JPY,DEBIT,INTERNAL,2026-07-06 08:04:36
INT-0000912,2026-07-06,M019-5c495a31,487370,GBP,DEBIT,INTERNAL,2026-07-06 08:49:45
INT-0000913,2026-07-06,M018-a8b1b917,399810,EUR,DEBIT,INTERNAL,2026-07-06 18:52:33
INT-0000914,2026-07-06,M006-6aa487d2,401916,JPY,DEBIT,INTERNAL,2026-07-06 14:32:52
INT-0000915,2026-07-06,M009-781ec600,289786,GBP,DEBIT,INTERNAL,2026-07-06 01:02:46
INT-0000916,2026-07-06,M003-91548588,31729,JPY,DEBIT,INTERNAL,2026-07-06 08:42:31
INT-0000917,2026-07-06,M006-4582781a,317629,JPY,DEBIT,INTERNAL,2026-07-06 13:14:12
INT-0000918,2026-07-06,M017-9e0dcd6f,380066,USD,DEBIT,INTERNAL,2026-07-06 12:24:40
INT-0000919,2026-07-06,M002-5a106df0,497802,USD,DEBIT,INTERNAL,2026-07-06 20:00:00
INT-0000920,2026-07-06,M003-e156bf4a,306022,EUR,DEBIT,INTERNAL,2026-07-06 05:01:00
INT-0000921,2026-07-06,M003-58049d34,393545,GBP,DEBIT,INTERNAL,2026-07-06 22:49:08
INT-0000922,2026-07-06,M007-0b8a6ee9,123089,USD,DEBIT,INTERNAL,2026-07-06 18:04:48
INT-0000923,2026-07-06,M008-3433295a,421333,JPY,DEBIT,INTERNAL,2026-07-06 01:45:50
INT-0000924,2026-07-06,M003-9d988606,294784,USD,DEBIT,INTERNAL,2026-07-06 14:15:45
INT-0000925,2026-07-06,M009-0f0b2101,427288,EUR,DEBIT,INTERNAL,2026-07-06 07:26:07
INT-0000926,2026-07-06,M012-2a149371,41840,GBP,DEBIT,INTERNAL,2026-07-06 07:47:45
INT-0000927,2026-07-06,M020-fae83d54,140197,GBP,DEBIT,INTERNAL,2026-07-06 01:45:57
INT-0000928,2026-07-06,M018-89fea7be,23946,GBP,DEBIT,INTERNAL,2026-07-06 10:19:51
INT-0000929,2026-07-06,M006-c9ce573d,376885,EUR,DEBIT,INTERNAL,2026-07-06 03:29:05
INT-0000930,2026-07-06,M005-d69f1986,252816,USD,DEBIT,INTERNAL,2026-07-06 15:26:13
INT-0000931,2026-07-06,M012-33520570,328329,EUR,DEBIT,INTERNAL,2026-07-06 11:01:36
INT-0000932,2026-07-06,M019-40885c87,236511,EUR,DEBIT,INTERNAL,2026-07-06 02:00:38
INT-0000933,2026-07-06,M009-3ca3304f,130997,GBP,DEBIT,INTERNAL,2026-07-06 22:31:52
INT-0000934,2026-07-06,M012-6884a898,128904,GBP,DEBIT,INTERNAL,2026-07-06 07:32:19
INT-0000935,2026-07-06,M008-ceb53036,69514,JPY,DEBIT,INTERNAL,2026-07-06 06:36:20
INT-0000936,2026-07-06,M018-5cce0308,226586,JPY,DEBIT,INTERNAL,2026-07-06 09:30:41
INT-0000937,2026-07-06,M001-cd240dc8,398504,JPY,DEBIT,INTERNAL,2026-07-06 23:26:06
INT-0000938,2026-07-06,M019-71b9fa2d,372990,USD,DEBIT,INTERNAL,2026-07-06 14:31:07
INT-0000939,2026-07-06,M007-589ddce1,87719,EUR,DEBIT,INTERNAL,2026-07-06 09:05:27
INT-0000940,2026-07-06,M011-feff01ba,28881,USD,DEBIT,INTERNAL,2026-07-06 16:04:23
INT-0000941,2026-07-06,M015-512fadb8,245854,GBP,DEBIT,INTERNAL,2026-07-06 04:38:58
INT-0000942,2026-07-06,M003-401c3e04,45736,JPY,DEBIT,INTERNAL,2026-07-06 05:23:59
INT-0000943,2026-07-06,M018-0ac13496,342803,GBP,DEBIT,INTERNAL,2026-07-06 19:44:51
INT-0000944,2026-07-06,M012-66567467,131224,EUR,DEBIT,INTERNAL,2026-07-06 19:26:45
INT-0000945,2026-07-06,M014-47f8dd65,125167,USD,DEBIT,INTERNAL,2026-07-06 16:04:59
INT-0000946,2026-07-06,M011-6819f69c,249464,USD,DEBIT,INTERNAL,2026-07-06 00:10:35
INT-0000947,2026-07-06,M019-b5546dac,275442,GBP,DEBIT,INTERNAL,2026-07-06 01:57:21
INT-0000948,2026-07-06,M007-f8ea6815,268106,USD,DEBIT,INTERNAL,2026-07-06 17:30:50
INT-0000949,2026-07-06,M012-658f71e7,136741,GBP,DEBIT,INTERNAL,2026-07-06 03:02:42
INT-0000950,2026-07-06,M006-e8d2d871,18285,EUR,DEBIT,INTERNAL,2026-07-06 21:47:10
INT-0000951,2026-07-06,M007-c8587bfe,417762,EUR,DEBIT,INTERNAL,2026-07-06 08:38:24
INT-0000952,2026-07-06,M016-5e667bb9,396500,GBP,DEBIT,INTERNAL,2026-07-06 08:27:27
INT-0000953,2026-07-06,M013-c8b7cec8,230928,JPY,DEBIT,INTERNAL,2026-07-06 18:22:32
INT-0000954,2026-07-06,M009-48b72cc2,137057,USD,DEBIT,INTERNAL,2026-07-06 03:56:56
INT-0000955,2026-07-06,M009-cc7980e4,159260,GBP,DEBIT,INTERNAL,2026-07-06 08:27:38
INT-0000956,2026-07-06,M010-0cf4c481,76572,USD,DEBIT,INTERNAL,2026-07-06 06:53:22
INT-0000957,2026-07-06,M017-ca93a089,350706,EUR,DEBIT,INTERNAL,2026-07-06 10:03:10
INT-0000958,2026-07-06,M008-05d89cec,368379,USD,DEBIT,INTERNAL,2026-07-06 01:13:49
INT-0000959,2026-07-06,M018-87363a69,410264,EUR,DEBIT,INTERNAL,2026-07-06 22:44:53
INT-0000960,2026-07-06,M010-b62092aa,52456,EUR,DEBIT,INTERNAL,2026-07-06 22:07:56
INT-0000961,2026-07-06,M015-5a912e03,311801,JPY,DEBIT,INTERNAL,2026-07-06 13:33:09
INT-0000962,2026-07-06,M007-62719656,92069,EUR,DEBIT,INTERNAL,2026-07-06 02:22:37
INT-0000963,2026-07-06,M005-5f5d4a25,36722,JPY,DEBIT,INTERNAL,2026-07-06 20:04:32
INT-0000964,2026-07-06,M018-09b2e45a,444604,GBP,DEBIT,INTERNAL,2026-07-06 21:10:00
INT-0000965,2026-07-06,M020-23b61b56,399817,EUR,DEBIT,INTERNAL,2026-07-06 12:03:12
INT-0000966,2026-07-06,M011-d66953fa,338547,USD,DEBIT,INTERNAL,2026-07-06 00:56:05
INT-0000967,2026-07-06,M011-4334337b,93449,EUR,DEBIT,INTERNAL,2026-07-06 18:14:27
INT-0000968,2026-07-06,M016-48dc870c,492141,EUR,DEBIT,INTERNAL,2026-07-06 15:38:20
INT-0000969,2026-07-06,M010-d67cc5fd,231705,USD,DEBIT,INTERNAL,2026-07-06 00:04:08
INT-0000970,2026-07-06,M014-c9eb74ff,226118,USD,DEBIT,INTERNAL,2026-07-06 21:00:59
INT-0000971,2026-07-06,M018-0645ff91,332802,JPY,DEBIT,INTERNAL,2026-07-06 16:44:46
INT-0000972,2026-07-06,M011-4476820f,182806,USD,DEBIT,INTERNAL,2026-07-06 03:46:33
INT-0000973,2026-07-06,M013-e8f16b5f,347913,EUR,DEBIT,INTERNAL,2026-07-06 08:10:01
INT-0000974,2026-07-06,M019-398fe37c,236784,EUR,DEBIT,INTERNAL,2026-07-06 15:32:18
INT-0000975,2026-07-06,M019-56e17ae7,271332,GBP,DEBIT,INTERNAL,2026-07-06 00:42:32
INT-0000976,2026-07-06,M020-dabf59c3,471683,JPY,DEBIT,INTERNAL,2026-07-06 11:30:07
INT-0000977,2026-07-06,M001-303d448d,241616,GBP,DEBIT,INTERNAL,2026-07-06 13:04:05
INT-0000978,2026-07-06,M009-a1267fca,212119,EUR,DEBIT,INTERNAL,2026-07-06 11:51:43
INT-0000979,2026-07-06,M007-a4abcce7,133547,GBP,DEBIT,INTERNAL,2026-07-06 07:31:30
INT-0000980,2026-07-06,M010-ca91e6ec,248566,EUR,DEBIT,INTERNAL,2026-07-06 01:24:16
INT-0000981,2026-07-06,M008-ad92820e,315140,EUR,DEBIT,INTERNAL,2026-07-06 06:17:08
INT-0000982,2026-07-06,M006-d854e2ec,84499,GBP,DEBIT,INTERNAL,2026-07-06 07:43:16
INT-0000983,2026-07-06,M001-64a66fb1,60414,JPY,DEBIT,INTERNAL,2026-07-06 19:45:57
INT-0000984,2026-07-06,M021-337fb21e,20000,USD,DEBIT,INTERNAL,2026-07-06 12:31:41
INT-0000985,2026-07-06,M021-ad7b5ccd,20000,USD,DEBIT,INTERNAL,2026-07-06 22:02:09
INT-0000986,2026-07-06,M022-ff80168e,30000,USD,DEBIT,INTERNAL,2026-07-06 08:19:02
INT-0000987,2026-07-06,M022-832deac3,30000,USD,DEBIT,INTERNAL,2026-07-06 18:58:48
INT-0000988,2026-07-06,M021-4bc436a4,40000,EUR,DEBIT,INTERNAL,2026-07-06 21:42:58
INT-0000989,2026-07-06,M021-189c0be4,40000,EUR,DEBIT,INTERNAL,2026-07-06 15:40:06
INT-0000990,2026-07-06,M022-7793d77e,50000,EUR,DEBIT,INTERNAL,2026-07-06 21:53:41
INT-0000991,2026-07-06,M022-96ba9319,50000,EUR,DEBIT,INTERNAL,2026-07-06 12:08:19
INT-0000992,2026-07-06,M023-3f49a3e2,1000,USD,DEBIT,INTERNAL,2026-07-06 03:50:44
INT-0000993,2026-07-06,M023-80710f37,1150,USD,DEBIT,INTERNAL,2026-07-06 09:25:07
INT-0000994,2026-07-06,M023-27d0ccbf,1300,USD,DEBIT,INTERNAL,2026-07-06 21:50:58
INT-0000995,2026-07-06,M023-e52d76e5,1450,USD,DEBIT,INTERNAL,2026-07-06 10:13:42
INT-0000996,2026-07-06,M023-9a044216,1600,USD,DEBIT,INTERNAL,2026-07-06 02:53:25
INT-0000997,2026-07-06,M023-69b20104,1750,USD,DEBIT,INTERNAL,2026-07-06 04:40:57
INT-0000998,2026-07-06,M023-3bfea050,5726,USD,DEBIT,INTERNAL,2026-07-06 14:32:03
INT-0000999,2026-07-06,M023-c21d48f7,6000,USD,DEBIT,INTERNAL,2026-07-06 19:50:14
